timestamp_iso,crisis_pressure,crisis_band,escalation_forecast,forecast_band,methodology_version
2026-09-27T15:59:07.140Z,88,extreme,55,elevated,0.7.3
2026-09-27T16:04:18.459Z,88,extreme,55,elevated,0.7.3
2026-09-27T16:09:05.866Z,88,extreme,55,elevated,0.7.3
2026-09-27T16:14:09.841Z,88,extreme,55,elevated,0.7.3
2026-09-27T16:19:06.675Z,88,extreme,55,elevated,0.7.3
2026-09-27T16:24:07.971Z,88,extreme,55,elevated,0.7.3
2026-09-27T16:29:10.926Z,88,extreme,55,elevated,0.7.3
2026-09-27T16:34:05.132Z,88,extreme,55,elevated,0.7.3
2026-09-27T16:39:05.330Z,88,extreme,55,elevated,0.7.3
2026-09-27T16:44:08.878Z,88,extreme,55,elevated,0.7.3
2026-09-27T16:49:08.780Z,88,extreme,55,elevated,0.7.3
2026-09-27T16:54:06.872Z,88,extreme,55,elevated,0.7.3
2026-09-27T16:59:10.297Z,88,extreme,55,elevated,0.7.3
2026-09-27T17:04:09.031Z,88,extreme,55,elevated,0.7.3
2026-09-27T17:09:06.054Z,88,extreme,55,elevated,0.7.3
2026-09-27T17:14:06.694Z,88,extreme,55,elevated,0.7.3
2026-09-27T17:19:14.946Z,88,extreme,55,elevated,0.7.3
2026-09-27T17:24:17.347Z,88,extreme,55,elevated,0.7.3
2026-09-27T17:29:07.543Z,88,extreme,55,elevated,0.7.3
2026-09-27T17:34:05.429Z,88,extreme,55,elevated,0.7.3
2026-09-27T17:39:17.819Z,88,extreme,55,elevated,0.7.3
2026-09-27T17:44:11.491Z,88,extreme,55,elevated,0.7.3
2026-09-27T17:49:10.633Z,88,extreme,55,elevated,0.7.3
2026-09-27T17:54:07.118Z,88,extreme,55,elevated,0.7.3
2026-09-27T17:59:04.523Z,88,extreme,55,elevated,0.7.3
2026-09-27T18:04:18.837Z,88,extreme,55,elevated,0.7.3
2026-09-27T18:09:11.721Z,88,extreme,55,elevated,0.7.3
2026-09-27T18:14:14.800Z,88,extreme,55,elevated,0.7.3
2026-09-27T18:19:14.121Z,88,extreme,55,elevated,0.7.3
2026-09-27T18:24:09.077Z,88,extreme,55,elevated,0.7.3
2026-09-27T18:29:13.133Z,88,extreme,55,elevated,0.7.3
2026-09-27T18:34:12.769Z,88,extreme,55,elevated,0.7.3
2026-09-27T18:39:06.889Z,88,extreme,55,elevated,0.7.3
2026-09-27T18:44:07.646Z,88,extreme,55,elevated,0.7.3
2026-09-27T18:49:06.454Z,88,extreme,55,elevated,0.7.3
2026-09-27T18:54:04.644Z,88,extreme,55,elevated,0.7.3
2026-09-27T18:59:15.699Z,88,extreme,55,elevated,0.7.3
2026-09-27T19:04:17.279Z,88,extreme,55,elevated,0.7.3
2026-09-27T19:09:04.884Z,88,extreme,55,elevated,0.7.3
2026-09-27T19:14:06.174Z,88,extreme,55,elevated,0.7.3
2026-09-27T19:19:07.240Z,88,extreme,55,elevated,0.7.3
2026-09-27T19:24:08.901Z,88,extreme,55,elevated,0.7.3
2026-09-27T19:29:03.745Z,88,extreme,55,elevated,0.7.3
2026-09-27T19:34:03.263Z,88,extreme,55,elevated,0.7.3
2026-09-27T19:39:03.189Z,88,extreme,55,elevated,0.7.3
2026-09-27T19:44:03.874Z,88,extreme,55,elevated,0.7.3
2026-09-27T19:49:03.764Z,88,extreme,55,elevated,0.7.3
2026-09-27T19:54:03.307Z,88,extreme,55,elevated,0.7.3
2026-09-27T19:59:04.121Z,88,extreme,55,elevated,0.7.3
2026-09-27T20:04:03.636Z,88,extreme,55,elevated,0.7.3
2026-09-27T20:09:03.447Z,88,extreme,55,elevated,0.7.3
2026-09-27T20:14:03.876Z,88,extreme,55,elevated,0.7.3
2026-09-27T20:19:03.177Z,88,extreme,55,elevated,0.7.3
2026-09-27T20:24:03.788Z,88,extreme,55,elevated,0.7.3
2026-09-27T20:29:03.725Z,88,extreme,55,elevated,0.7.3
2026-09-27T20:34:03.629Z,88,extreme,55,elevated,0.7.3
2026-09-27T20:39:03.385Z,88,extreme,55,elevated,0.7.3
2026-09-27T20:44:03.574Z,88,extreme,55,elevated,0.7.3
2026-09-27T20:49:03.372Z,88,extreme,55,elevated,0.7.3
2026-09-27T20:54:03.760Z,88,extreme,55,elevated,0.7.3
2026-09-27T20:59:03.540Z,88,extreme,55,elevated,0.7.3
2026-09-27T21:04:03.167Z,88,extreme,55,elevated,0.7.3
2026-09-27T21:09:03.235Z,88,extreme,55,elevated,0.7.3
2026-09-27T21:14:03.341Z,88,extreme,55,elevated,0.7.3
2026-09-27T21:19:03.364Z,88,extreme,55,elevated,0.7.3
2026-09-27T21:24:03.358Z,88,extreme,55,elevated,0.7.3
2026-09-27T21:29:03.798Z,88,extreme,55,elevated,0.7.3
2026-09-27T21:34:03.227Z,88,extreme,55,elevated,0.7.3
2026-09-27T21:39:03.857Z,88,extreme,55,elevated,0.7.3
2026-09-27T21:44:03.869Z,88,extreme,55,elevated,0.7.3
2026-09-27T21:49:03.811Z,88,extreme,55,elevated,0.7.3
2026-09-27T21:54:03.632Z,88,extreme,55,elevated,0.7.3
2026-09-27T21:59:03.921Z,88,extreme,55,elevated,0.7.3
2026-09-27T22:04:03.228Z,88,extreme,55,elevated,0.7.3
2026-09-27T22:09:04.106Z,88,extreme,55,elevated,0.7.3
2026-09-27T22:14:04.240Z,88,extreme,55,elevated,0.7.3
2026-09-27T22:19:03.361Z,88,extreme,55,elevated,0.7.3
2026-09-27T22:24:03.742Z,88,extreme,55,elevated,0.7.3
2026-09-27T22:29:04.123Z,88,extreme,55,elevated,0.7.3
2026-09-27T22:34:03.598Z,88,extreme,55,elevated,0.7.3
2026-09-27T22:39:03.547Z,88,extreme,55,elevated,0.7.3
2026-09-27T22:44:03.810Z,88,extreme,55,elevated,0.7.3
2026-09-27T22:49:03.749Z,88,extreme,55,elevated,0.7.3
2026-09-27T22:54:03.312Z,88,extreme,55,elevated,0.7.3
2026-09-27T22:59:03.779Z,88,extreme,55,elevated,0.7.3
2026-09-27T23:04:03.823Z,88,extreme,55,elevated,0.7.3
2026-09-27T23:09:03.353Z,88,extreme,55,elevated,0.7.3
2026-09-27T23:14:03.326Z,88,extreme,55,elevated,0.7.3
2026-09-27T23:19:03.168Z,88,extreme,55,elevated,0.7.3
2026-09-27T23:24:03.956Z,88,extreme,55,elevated,0.7.3
2026-09-27T23:29:03.701Z,88,extreme,55,elevated,0.7.3
2026-09-27T23:34:03.778Z,88,extreme,55,elevated,0.7.3
2026-09-27T23:39:03.179Z,88,extreme,55,elevated,0.7.3
2026-09-27T23:44:03.789Z,88,extreme,55,elevated,0.7.3
2026-09-27T23:49:03.420Z,88,extreme,55,elevated,0.7.3
2026-09-27T23:54:03.801Z,88,extreme,55,elevated,0.7.3
2026-09-27T23:59:03.205Z,88,extreme,55,elevated,0.7.3
2026-09-28T00:04:04.201Z,88,extreme,55,elevated,0.7.3
2026-09-28T00:09:03.462Z,88,extreme,55,elevated,0.7.3
2026-09-28T00:14:03.782Z,88,extreme,55,elevated,0.7.3
2026-09-28T00:19:03.261Z,88,extreme,55,elevated,0.7.3
2026-09-28T00:24:03.864Z,88,extreme,55,elevated,0.7.3
2026-09-28T00:29:03.127Z,88,extreme,55,elevated,0.7.3
2026-09-28T00:34:03.777Z,88,extreme,55,elevated,0.7.3
2026-09-28T00:39:04.047Z,88,extreme,55,elevated,0.7.3
2026-09-28T00:44:03.247Z,88,extreme,55,elevated,0.7.3
2026-09-28T00:49:03.879Z,88,extreme,55,elevated,0.7.3
2026-09-28T00:54:03.223Z,88,extreme,55,elevated,0.7.3
2026-09-28T00:59:03.665Z,88,extreme,55,elevated,0.7.3
2026-09-28T01:04:03.242Z,88,extreme,55,elevated,0.7.3
2026-09-28T01:09:03.751Z,88,extreme,55,elevated,0.7.3
2026-09-28T01:14:03.779Z,88,extreme,55,elevated,0.7.3
2026-09-28T01:19:03.822Z,88,extreme,55,elevated,0.7.3
2026-09-28T01:24:03.754Z,88,extreme,55,elevated,0.7.3
2026-09-28T01:29:03.854Z,88,extreme,55,elevated,0.7.3
2026-09-28T01:34:03.896Z,88,extreme,55,elevated,0.7.3
2026-09-28T01:39:03.909Z,88,extreme,55,elevated,0.7.3
2026-09-28T01:44:04.018Z,88,extreme,55,elevated,0.7.3
2026-09-28T01:49:03.778Z,88,extreme,55,elevated,0.7.3
2026-09-28T01:54:03.188Z,88,extreme,55,elevated,0.7.3
2026-09-28T01:59:03.806Z,88,extreme,55,elevated,0.7.3
2026-09-28T02:04:03.991Z,88,extreme,55,elevated,0.7.3
2026-09-28T02:09:03.107Z,88,extreme,55,elevated,0.7.3
2026-09-28T02:14:03.405Z,88,extreme,55,elevated,0.7.3
2026-09-28T02:19:03.777Z,88,extreme,55,elevated,0.7.3
2026-09-28T02:24:03.323Z,88,extreme,55,elevated,0.7.3
2026-09-28T02:29:06.069Z,88,extreme,55,elevated,0.7.3
2026-09-28T02:34:03.762Z,88,extreme,55,elevated,0.7.3
2026-09-28T02:39:03.920Z,88,extreme,55,elevated,0.7.3
2026-09-28T02:44:03.207Z,88,extreme,55,elevated,0.7.3
2026-09-28T02:49:03.896Z,88,extreme,55,elevated,0.7.3
2026-09-28T02:54:03.808Z,88,extreme,55,elevated,0.7.3
2026-09-28T02:59:04.188Z,88,extreme,55,elevated,0.7.3
2026-09-28T03:04:03.919Z,88,extreme,55,elevated,0.7.3
2026-09-28T03:09:03.465Z,88,extreme,55,elevated,0.7.3
2026-09-28T03:14:03.896Z,88,extreme,55,elevated,0.7.3
2026-09-28T03:19:03.912Z,88,extreme,55,elevated,0.7.3
2026-09-28T03:24:03.903Z,88,extreme,55,elevated,0.7.3
2026-09-28T03:29:03.616Z,88,extreme,55,elevated,0.7.3
2026-09-28T03:34:03.273Z,88,extreme,55,elevated,0.7.3
2026-09-28T03:39:03.787Z,88,extreme,55,elevated,0.7.3
2026-09-28T03:44:03.963Z,88,extreme,55,elevated,0.7.3
2026-09-28T03:49:03.995Z,88,extreme,55,elevated,0.7.3
2026-09-28T03:54:03.310Z,88,extreme,55,elevated,0.7.3
2026-09-28T03:59:04.061Z,88,extreme,55,elevated,0.7.3
2026-09-28T04:04:09.720Z,88,extreme,55,elevated,0.7.3
2026-09-28T04:09:15.480Z,88,extreme,55,elevated,0.7.3
2026-09-28T04:14:07.991Z,88,extreme,55,elevated,0.7.3
2026-09-28T04:19:15.059Z,88,extreme,54,elevated,0.7.3
2026-09-28T04:24:10.415Z,88,extreme,54,elevated,0.7.3
2026-09-28T04:29:04.735Z,88,extreme,54,elevated,0.7.3
2026-09-28T04:34:03.789Z,88,extreme,54,elevated,0.7.3
2026-09-28T04:39:10.043Z,88,extreme,54,elevated,0.7.3
2026-09-28T04:44:07.799Z,88,extreme,54,elevated,0.7.3
2026-09-28T04:49:08.154Z,88,extreme,54,elevated,0.7.3
2026-09-28T04:54:10.525Z,88,extreme,54,elevated,0.7.3
2026-09-28T04:59:07.134Z,88,extreme,54,elevated,0.7.3
2026-09-28T05:04:05.085Z,88,extreme,54,elevated,0.7.3
2026-09-28T05:09:05.507Z,88,extreme,54,elevated,0.7.3
2026-09-28T05:14:12.227Z,88,extreme,54,elevated,0.7.3
2026-09-28T05:19:04.435Z,88,extreme,54,elevated,0.7.3
2026-09-28T05:24:11.529Z,88,extreme,54,elevated,0.7.3
2026-09-28T05:29:08.380Z,88,extreme,54,elevated,0.7.3
2026-09-28T05:34:08.405Z,88,extreme,54,elevated,0.7.3
2026-09-28T05:39:07.108Z,88,extreme,54,elevated,0.7.3
2026-09-28T05:44:06.782Z,88,extreme,54,elevated,0.7.3
2026-09-28T05:49:10.321Z,88,extreme,54,elevated,0.7.3
2026-09-28T05:54:05.195Z,88,extreme,54,elevated,0.7.3
2026-09-28T05:59:04.653Z,88,extreme,54,elevated,0.7.3
2026-09-28T06:04:05.535Z,88,extreme,54,elevated,0.7.3
2026-09-28T06:09:08.776Z,88,extreme,54,elevated,0.7.3
2026-09-28T06:14:07.999Z,88,extreme,54,elevated,0.7.3
2026-09-28T06:19:05.846Z,88,extreme,54,elevated,0.7.3
2026-09-28T06:24:11.708Z,88,extreme,54,elevated,0.7.3
2026-09-28T06:29:05.748Z,88,extreme,54,elevated,0.7.3
2026-09-28T06:34:06.577Z,88,extreme,54,elevated,0.7.3
2026-09-28T06:39:16.670Z,88,extreme,54,elevated,0.7.3
2026-09-28T06:44:03.876Z,88,extreme,54,elevated,0.7.3
2026-09-28T06:49:12.515Z,88,extreme,54,elevated,0.7.3
2026-09-28T06:54:07.743Z,88,extreme,54,elevated,0.7.3
2026-09-28T06:59:07.083Z,88,extreme,54,elevated,0.7.3
2026-09-28T07:04:10.761Z,88,extreme,54,elevated,0.7.3
2026-09-28T07:09:05.544Z,88,extreme,54,elevated,0.7.3
2026-09-28T07:14:14.011Z,88,extreme,54,elevated,0.7.3
2026-09-28T07:19:04.090Z,88,extreme,54,elevated,0.7.3
2026-09-28T07:24:03.861Z,88,extreme,54,elevated,0.7.3
2026-09-28T07:29:03.949Z,88,extreme,54,elevated,0.7.3
2026-09-28T07:34:04.068Z,88,extreme,54,elevated,0.7.3
2026-09-28T07:39:04.047Z,88,extreme,54,elevated,0.7.3
2026-09-28T07:44:03.984Z,88,extreme,54,elevated,0.7.3
2026-09-28T07:49:03.906Z,88,extreme,54,elevated,0.7.3
2026-09-28T07:54:03.776Z,88,extreme,54,elevated,0.7.3
2026-09-28T07:59:03.092Z,88,extreme,54,elevated,0.7.3
2026-09-28T08:04:18.031Z,88,extreme,54,elevated,0.7.3
2026-09-28T08:09:13.148Z,88,extreme,54,elevated,0.7.3
2026-09-28T08:14:08.745Z,88,extreme,54,elevated,0.7.3
2026-09-28T08:19:07.446Z,88,extreme,54,elevated,0.7.3
2026-09-28T08:24:04.747Z,88,extreme,54,elevated,0.7.3
2026-09-28T08:29:09.954Z,88,extreme,54,elevated,0.7.3
2026-09-28T08:34:07.408Z,88,extreme,54,elevated,0.7.3
2026-09-28T08:39:04.110Z,88,extreme,54,elevated,0.7.3
2026-09-28T08:44:05.985Z,88,extreme,54,elevated,0.7.3
2026-09-28T08:49:14.044Z,88,extreme,54,elevated,0.7.3
2026-09-28T08:54:10.878Z,88,extreme,54,elevated,0.7.3
2026-09-28T08:59:05.432Z,88,extreme,54,elevated,0.7.3
2026-09-28T09:04:06.466Z,88,extreme,54,elevated,0.7.3
2026-09-28T09:09:14.066Z,88,extreme,54,elevated,0.7.3
2026-09-28T09:14:22.466Z,88,extreme,54,elevated,0.7.3
2026-09-28T09:19:04.210Z,88,extreme,54,elevated,0.7.3
2026-09-28T09:24:21.419Z,88,extreme,54,elevated,0.7.3
2026-09-28T09:29:22.511Z,88,extreme,54,elevated,0.7.3
2026-09-28T09:34:14.675Z,88,extreme,54,elevated,0.7.3
2026-09-28T09:39:19.923Z,88,extreme,54,elevated,0.7.3
2026-09-28T09:44:19.296Z,88,extreme,54,elevated,0.7.3
2026-09-28T09:49:05.383Z,88,extreme,54,elevated,0.7.3
2026-09-28T09:54:06.420Z,88,extreme,54,elevated,0.7.3
2026-09-28T09:59:10.938Z,88,extreme,54,elevated,0.7.3
2026-09-28T10:04:17.309Z,88,extreme,54,elevated,0.7.3
2026-09-28T10:09:04.879Z,88,extreme,54,elevated,0.7.3
2026-09-28T10:14:05.127Z,88,extreme,54,elevated,0.7.3
2026-09-28T10:19:08.948Z,88,extreme,54,elevated,0.7.3
2026-09-28T10:24:05.871Z,88,extreme,54,elevated,0.7.3
2026-09-28T10:29:11.179Z,88,extreme,54,elevated,0.7.3
2026-09-28T10:34:12.672Z,88,extreme,54,elevated,0.7.3
2026-09-28T10:39:08.105Z,88,extreme,54,elevated,0.7.3
2026-09-28T10:44:07.133Z,88,extreme,54,elevated,0.7.3
2026-09-28T10:49:10.548Z,88,extreme,54,elevated,0.7.3
2026-09-28T10:54:06.242Z,88,extreme,54,elevated,0.7.3
2026-09-28T10:59:08.963Z,88,extreme,54,elevated,0.7.3
2026-09-28T11:04:06.403Z,88,extreme,54,elevated,0.7.3
2026-09-28T11:09:14.024Z,88,extreme,54,elevated,0.7.3
2026-09-28T11:14:05.225Z,88,extreme,54,elevated,0.7.3
2026-09-28T11:19:06.328Z,88,extreme,54,elevated,0.7.3
2026-09-28T11:24:05.269Z,88,extreme,54,elevated,0.7.3
2026-09-28T11:29:08.772Z,88,extreme,54,elevated,0.7.3
2026-09-28T11:34:18.638Z,88,extreme,54,elevated,0.7.3
2026-09-28T11:39:03.280Z,88,extreme,54,elevated,0.7.3
2026-09-28T11:44:12.414Z,88,extreme,54,elevated,0.7.3
2026-09-28T11:49:08.890Z,88,extreme,54,elevated,0.7.3
2026-09-28T11:54:16.058Z,88,extreme,54,elevated,0.7.3
2026-09-28T11:59:16.298Z,88,extreme,54,elevated,0.7.3
2026-09-28T12:04:11.014Z,88,extreme,54,elevated,0.7.3
2026-09-28T12:09:19.693Z,88,extreme,54,elevated,0.7.3
2026-09-28T12:14:06.368Z,88,extreme,54,elevated,0.7.3
2026-09-28T12:19:17.678Z,88,extreme,54,elevated,0.7.3
2026-09-28T12:24:16.724Z,88,extreme,54,elevated,0.7.3
2026-09-28T12:29:04.585Z,88,extreme,54,elevated,0.7.3
2026-09-28T12:34:21.550Z,88,extreme,54,elevated,0.7.3
2026-09-28T12:39:19.978Z,88,extreme,54,elevated,0.7.3
2026-09-28T12:44:06.496Z,88,extreme,54,elevated,0.7.3
2026-09-28T12:49:05.829Z,88,extreme,54,elevated,0.7.3
2026-09-28T12:54:09.097Z,88,extreme,54,elevated,0.7.3
2026-09-28T12:59:07.149Z,88,extreme,54,elevated,0.7.3
2026-09-28T13:04:06.323Z,88,extreme,54,elevated,0.7.3
2026-09-28T13:09:13.974Z,88,extreme,54,elevated,0.7.3
2026-09-28T13:14:08.140Z,88,extreme,54,elevated,0.7.3
2026-09-28T13:19:20.799Z,88,extreme,54,elevated,0.7.3
2026-09-28T13:24:13.026Z,88,extreme,54,elevated,0.7.3
2026-09-28T13:29:16.844Z,88,extreme,54,elevated,0.7.3
2026-09-28T13:34:15.446Z,88,extreme,54,elevated,0.7.3
2026-09-28T13:39:06.216Z,88,extreme,54,elevated,0.7.3
2026-09-28T13:44:05.512Z,88,extreme,54,elevated,0.7.3
2026-09-28T13:49:07.854Z,88,extreme,54,elevated,0.7.3
2026-09-28T13:54:16.332Z,88,extreme,54,elevated,0.7.3
2026-09-28T13:59:20.758Z,88,extreme,54,elevated,0.7.3
2026-09-28T14:04:23.098Z,88,extreme,54,elevated,0.7.3
2026-09-28T14:09:17.698Z,88,extreme,54,elevated,0.7.4
2026-09-28T14:14:10.243Z,88,extreme,54,elevated,0.7.4
2026-09-28T14:19:15.477Z,88,extreme,54,elevated,0.7.4
2026-09-28T14:24:05.690Z,88,extreme,54,elevated,0.7.4
2026-09-28T14:29:07.994Z,88,extreme,54,elevated,0.7.4
2026-09-28T14:34:18.927Z,88,extreme,54,elevated,0.7.4
2026-09-28T14:39:13.435Z,88,extreme,54,elevated,0.7.4
2026-09-28T14:44:07.332Z,88,extreme,54,elevated,0.7.4
2026-09-28T14:49:19.005Z,88,extreme,54,elevated,0.7.4
2026-09-28T14:54:06.504Z,88,extreme,53,elevated,0.7.5
2026-09-28T14:59:12.882Z,88,extreme,54,elevated,0.7.5
2026-09-28T15:04:07.501Z,88,extreme,54,elevated,0.7.5
2026-09-28T15:09:09.173Z,88,extreme,54,elevated,0.7.5
2026-09-28T15:14:09.796Z,88,extreme,54,elevated,0.7.5
2026-09-28T15:19:21.088Z,88,extreme,54,elevated,0.7.5
2026-09-28T15:24:05.839Z,88,extreme,54,elevated,0.7.5
2026-09-28T15:29:10.589Z,88,extreme,54,elevated,0.7.5
2026-09-28T15:34:06.855Z,88,extreme,54,elevated,0.7.5
2026-09-28T15:39:13.859Z,88,extreme,54,elevated,0.7.5
2026-09-28T15:44:05.599Z,88,extreme,54,elevated,0.7.5
2026-09-28T15:49:06.210Z,88,extreme,54,elevated,0.7.5
2026-09-28T15:54:05.970Z,88,extreme,54,elevated,0.7.5
2026-09-28T15:59:09.446Z,88,extreme,54,elevated,0.7.5
2026-09-28T16:04:08.059Z,88,extreme,54,elevated,0.7.5
2026-09-28T16:09:08.279Z,88,extreme,54,elevated,0.7.5
2026-09-28T16:14:04.713Z,88,extreme,54,elevated,0.7.5
2026-09-28T16:19:04.074Z,88,extreme,54,elevated,0.7.5
2026-09-28T16:24:04.077Z,88,extreme,54,elevated,0.7.5
2026-09-28T16:29:04.085Z,88,extreme,54,elevated,0.7.5
2026-09-28T16:34:03.662Z,88,extreme,54,elevated,0.7.5
2026-09-28T16:39:03.520Z,88,extreme,54,elevated,0.7.5
2026-09-28T16:44:04.870Z,88,extreme,54,elevated,0.7.5
2026-09-28T16:49:03.910Z,88,extreme,54,elevated,0.7.5
2026-09-28T16:54:03.679Z,88,extreme,54,elevated,0.7.5
2026-09-28T16:59:04.436Z,88,extreme,54,elevated,0.7.5
2026-09-28T17:04:04.728Z,88,extreme,54,elevated,0.7.5
2026-09-28T17:09:03.491Z,88,extreme,54,elevated,0.7.5
2026-09-28T17:14:03.673Z,88,extreme,54,elevated,0.7.5
2026-09-28T17:19:16.744Z,88,extreme,54,elevated,0.7.5
2026-09-28T17:24:07.956Z,88,extreme,54,elevated,0.7.5
2026-09-28T17:29:03.738Z,88,extreme,54,elevated,0.7.5
2026-09-28T17:34:07.495Z,88,extreme,54,elevated,0.7.5
2026-09-28T17:39:04.505Z,88,extreme,54,elevated,0.7.5
2026-09-28T17:44:14.801Z,88,extreme,54,elevated,0.7.5
2026-09-28T17:49:08.755Z,88,extreme,54,elevated,0.7.5
2026-09-28T17:54:08.729Z,88,extreme,54,elevated,0.7.5
2026-09-28T17:59:10.025Z,88,extreme,54,elevated,0.7.5
2026-09-28T18:04:13.517Z,88,extreme,54,elevated,0.7.5
2026-09-28T18:09:19.410Z,88,extreme,54,elevated,0.7.5
2026-09-28T18:14:04.544Z,88,extreme,54,elevated,0.7.5
2026-09-28T18:19:04.879Z,88,extreme,54,elevated,0.7.5
2026-09-28T18:24:07.857Z,88,extreme,54,elevated,0.7.5
2026-09-28T18:29:04.992Z,88,extreme,54,elevated,0.7.5
2026-09-28T18:34:08.133Z,88,extreme,54,elevated,0.7.5
2026-09-28T18:39:05.945Z,88,extreme,54,elevated,0.7.5
2026-09-28T18:44:08.437Z,88,extreme,54,elevated,0.7.5
2026-09-28T18:49:06.343Z,88,extreme,54,elevated,0.7.5
2026-09-28T18:54:04.240Z,88,extreme,54,elevated,0.7.5
2026-09-28T18:59:06.578Z,88,extreme,54,elevated,0.7.5
2026-09-28T19:04:05.232Z,88,extreme,54,elevated,0.7.5
2026-09-28T19:09:07.533Z,88,extreme,54,elevated,0.7.5
2026-09-28T19:14:04.871Z,88,extreme,54,elevated,0.7.5
2026-09-28T19:19:08.075Z,88,extreme,54,elevated,0.7.5
2026-09-28T19:24:04.687Z,88,extreme,54,elevated,0.7.5
2026-09-28T19:29:04.075Z,88,extreme,54,elevated,0.7.5
2026-09-28T19:34:05.156Z,88,extreme,54,elevated,0.7.5
2026-09-28T19:39:04.073Z,88,extreme,54,elevated,0.7.5
2026-09-28T19:44:04.040Z,88,extreme,54,elevated,0.7.5
2026-09-28T19:49:03.461Z,88,extreme,54,elevated,0.7.5
2026-09-28T19:54:04.013Z,88,extreme,54,elevated,0.7.5
2026-09-28T19:59:03.932Z,88,extreme,54,elevated,0.7.5
2026-09-28T20:04:04.172Z,88,extreme,54,elevated,0.7.5
2026-09-28T20:09:03.530Z,88,extreme,54,elevated,0.7.5
2026-09-28T20:14:04.143Z,88,extreme,54,elevated,0.7.5
2026-09-28T20:19:03.446Z,88,extreme,54,elevated,0.7.5
2026-09-28T20:24:03.491Z,88,extreme,54,elevated,0.7.5
2026-09-28T20:29:03.902Z,88,extreme,54,elevated,0.7.5
2026-09-28T20:34:04.424Z,88,extreme,54,elevated,0.7.5
2026-09-28T20:39:04.290Z,88,extreme,54,elevated,0.7.5
2026-09-28T20:44:04.700Z,88,extreme,54,elevated,0.7.5
2026-09-28T20:49:03.534Z,88,extreme,54,elevated,0.7.5
2026-09-28T20:54:05.457Z,88,extreme,54,elevated,0.7.5
2026-09-28T20:59:03.880Z,88,extreme,54,elevated,0.7.5
2026-09-28T21:04:06.314Z,88,extreme,54,elevated,0.7.5
2026-09-28T21:09:06.116Z,88,extreme,54,elevated,0.7.5
2026-09-28T21:14:05.698Z,88,extreme,54,elevated,0.7.5
2026-09-28T21:19:06.090Z,88,extreme,54,elevated,0.7.5
2026-09-28T21:24:05.698Z,88,extreme,54,elevated,0.7.5
2026-09-28T21:29:03.974Z,88,extreme,54,elevated,0.7.5
2026-09-28T21:34:03.386Z,88,extreme,54,elevated,0.7.5
2026-09-28T21:39:04.037Z,88,extreme,54,elevated,0.7.5
2026-09-28T21:44:04.216Z,88,extreme,54,elevated,0.7.5
2026-09-28T21:49:03.464Z,88,extreme,54,elevated,0.7.5
2026-09-28T21:54:03.523Z,88,extreme,54,elevated,0.7.5
2026-09-28T21:59:04.502Z,88,extreme,54,elevated,0.7.5
2026-09-28T22:04:05.916Z,88,extreme,54,elevated,0.7.5
2026-09-28T22:09:12.968Z,88,extreme,54,elevated,0.7.5
2026-09-28T22:14:05.459Z,88,extreme,54,elevated,0.7.5
2026-09-28T22:19:05.004Z,88,extreme,54,elevated,0.7.5
2026-09-28T22:24:04.408Z,88,extreme,54,elevated,0.7.5
2026-09-28T22:29:13.190Z,88,extreme,54,elevated,0.7.5
2026-09-28T22:34:07.489Z,88,extreme,54,elevated,0.7.5
2026-09-28T22:39:03.743Z,88,extreme,54,elevated,0.7.5
2026-09-28T22:44:04.647Z,88,extreme,54,elevated,0.7.5
2026-09-28T22:49:08.614Z,88,extreme,54,elevated,0.7.5
2026-09-28T22:54:03.515Z,88,extreme,54,elevated,0.7.5
2026-09-28T22:59:03.657Z,88,extreme,54,elevated,0.7.5
2026-09-28T23:04:09.616Z,88,extreme,54,elevated,0.7.5
2026-09-28T23:09:04.049Z,88,extreme,54,elevated,0.7.5
2026-09-28T23:14:03.595Z,88,extreme,54,elevated,0.7.5
2026-09-28T23:19:03.868Z,88,extreme,54,elevated,0.7.5
2026-09-28T23:24:05.023Z,88,extreme,54,elevated,0.7.5
2026-09-28T23:29:03.647Z,88,extreme,54,elevated,0.7.5
2026-09-28T23:34:04.090Z,88,extreme,54,elevated,0.7.5
2026-09-28T23:39:03.952Z,88,extreme,54,elevated,0.7.5
2026-09-28T23:44:04.393Z,88,extreme,54,elevated,0.7.5
2026-09-28T23:49:03.789Z,88,extreme,54,elevated,0.7.5
2026-09-28T23:54:03.732Z,88,extreme,54,elevated,0.7.5
2026-09-28T23:59:03.918Z,88,extreme,54,elevated,0.7.5
2026-09-29T00:04:04.297Z,88,extreme,54,elevated,0.7.5
2026-09-29T00:09:03.416Z,88,extreme,54,elevated,0.7.5
2026-09-29T00:14:04.104Z,88,extreme,54,elevated,0.7.5
2026-09-29T00:19:04.062Z,88,extreme,54,elevated,0.7.5
2026-09-29T00:24:04.159Z,88,extreme,54,elevated,0.7.5
2026-09-29T00:29:04.365Z,88,extreme,54,elevated,0.7.5
2026-09-29T00:34:03.537Z,88,extreme,54,elevated,0.7.5
2026-09-29T00:39:04.423Z,88,extreme,54,elevated,0.7.5
2026-09-29T00:44:03.972Z,88,extreme,54,elevated,0.7.5
2026-09-29T00:49:03.452Z,88,extreme,54,elevated,0.7.5
2026-09-29T00:54:03.341Z,88,extreme,54,elevated,0.7.5
2026-09-29T00:59:04.258Z,88,extreme,53,elevated,0.7.5
2026-09-29T01:04:06.675Z,88,extreme,53,elevated,0.7.5
2026-09-29T01:09:04.521Z,88,extreme,53,elevated,0.7.5
2026-09-29T01:14:07.972Z,88,extreme,53,elevated,0.7.5
2026-09-29T01:19:09.174Z,88,extreme,53,elevated,0.7.5
2026-09-29T01:24:12.106Z,88,extreme,53,elevated,0.7.5
2026-09-29T01:29:07.752Z,88,extreme,53,elevated,0.7.5
2026-09-29T01:34:07.251Z,88,extreme,53,elevated,0.7.5
2026-09-29T01:39:05.877Z,88,extreme,53,elevated,0.7.5
2026-09-29T01:44:07.260Z,88,extreme,53,elevated,0.7.5
2026-09-29T01:49:10.369Z,88,extreme,53,elevated,0.7.5
2026-09-29T01:54:14.432Z,88,extreme,53,elevated,0.7.5
2026-09-29T01:59:04.815Z,88,extreme,53,elevated,0.7.5
2026-09-29T02:04:06.908Z,88,extreme,53,elevated,0.7.5
2026-09-29T02:09:04.955Z,88,extreme,53,elevated,0.7.5
2026-09-29T02:14:05.665Z,88,extreme,53,elevated,0.7.5
2026-09-29T02:19:04.361Z,88,extreme,53,elevated,0.7.5
2026-09-29T02:24:03.940Z,88,extreme,53,elevated,0.7.5
2026-09-29T02:29:04.166Z,88,extreme,53,elevated,0.7.5
2026-09-29T02:34:03.690Z,88,extreme,53,elevated,0.7.5
2026-09-29T02:39:04.831Z,88,extreme,53,elevated,0.7.5
2026-09-29T02:44:09.846Z,88,extreme,53,elevated,0.7.5
2026-09-29T02:49:06.599Z,88,extreme,53,elevated,0.7.5
2026-09-29T02:54:05.561Z,88,extreme,53,elevated,0.7.5
2026-09-29T02:59:04.010Z,88,extreme,53,elevated,0.7.5
2026-09-29T03:04:10.181Z,88,extreme,53,elevated,0.7.5
2026-09-29T03:09:06.670Z,88,extreme,53,elevated,0.7.5
2026-09-29T03:14:04.189Z,88,extreme,53,elevated,0.7.5
2026-09-29T03:19:03.582Z,88,extreme,53,elevated,0.7.5
2026-09-29T03:24:12.548Z,88,extreme,53,elevated,0.7.5
2026-09-29T03:29:03.741Z,88,extreme,53,elevated,0.7.5
2026-09-29T03:34:05.007Z,88,extreme,53,elevated,0.7.5
2026-09-29T03:39:07.742Z,88,extreme,53,elevated,0.7.5
2026-09-29T03:44:05.278Z,88,extreme,53,elevated,0.7.5
2026-09-29T03:49:06.532Z,88,extreme,53,elevated,0.7.5
2026-09-29T03:54:03.413Z,88,extreme,53,elevated,0.7.5
2026-09-29T03:59:03.305Z,88,extreme,53,elevated,0.7.5
2026-09-29T04:04:05.767Z,88,extreme,53,elevated,0.7.5
2026-09-29T04:09:03.994Z,88,extreme,53,elevated,0.7.5
2026-09-29T04:14:06.084Z,88,extreme,53,elevated,0.7.5
2026-09-29T04:19:04.432Z,88,extreme,53,elevated,0.7.5
2026-09-29T04:24:04.100Z,88,extreme,53,elevated,0.7.5
2026-09-29T04:29:04.590Z,88,extreme,53,elevated,0.7.5
2026-09-29T04:34:07.503Z,88,extreme,53,elevated,0.7.5
2026-09-29T04:39:03.878Z,88,extreme,53,elevated,0.7.5
2026-09-29T04:44:04.903Z,88,extreme,53,elevated,0.7.5
2026-09-29T04:49:08.515Z,88,extreme,53,elevated,0.7.5
2026-09-29T04:54:03.463Z,88,extreme,53,elevated,0.7.5
2026-09-29T04:59:07.385Z,88,extreme,53,elevated,0.7.5
2026-09-29T05:04:06.709Z,88,extreme,53,elevated,0.7.5
2026-09-29T05:09:05.911Z,88,extreme,53,elevated,0.7.5
2026-09-29T05:14:03.368Z,88,extreme,53,elevated,0.7.5
2026-09-29T05:19:04.979Z,88,extreme,53,elevated,0.7.5
2026-09-29T05:24:05.194Z,88,extreme,53,elevated,0.7.5
2026-09-29T05:29:03.237Z,88,extreme,53,elevated,0.7.5
2026-09-29T05:34:06.227Z,88,extreme,53,elevated,0.7.5
2026-09-29T05:39:03.525Z,88,extreme,53,elevated,0.7.5
2026-09-29T05:44:12.758Z,88,extreme,53,elevated,0.7.5
2026-09-29T05:49:10.115Z,88,extreme,53,elevated,0.7.5
2026-09-29T05:54:04.514Z,88,extreme,53,elevated,0.7.5
2026-09-29T05:59:05.216Z,88,extreme,53,elevated,0.7.5
2026-09-29T06:04:04.150Z,88,extreme,53,elevated,0.7.5
2026-09-29T06:09:09.930Z,88,extreme,53,elevated,0.7.5
2026-09-29T06:14:09.911Z,88,extreme,52,elevated,0.7.5
2026-09-29T06:19:08.511Z,88,extreme,52,elevated,0.7.5
2026-09-29T06:24:06.367Z,88,extreme,52,elevated,0.7.5
2026-09-29T06:29:03.956Z,88,extreme,52,elevated,0.7.5
2026-09-29T06:34:08.520Z,88,extreme,52,elevated,0.7.5
2026-09-29T06:39:04.140Z,88,extreme,52,elevated,0.7.5
2026-09-29T06:44:10.474Z,88,extreme,52,elevated,0.7.5
2026-09-29T06:49:07.420Z,88,extreme,52,elevated,0.7.5
2026-09-29T06:54:03.892Z,88,extreme,52,elevated,0.7.5
2026-09-29T06:59:09.157Z,88,extreme,52,elevated,0.7.5
2026-09-29T07:04:04.410Z,88,extreme,52,elevated,0.7.5
2026-09-29T07:09:03.299Z,88,extreme,52,elevated,0.7.5
2026-09-29T07:14:03.744Z,88,extreme,52,elevated,0.7.5
2026-09-29T07:19:04.781Z,88,extreme,52,elevated,0.7.5
2026-09-29T07:24:04.450Z,88,extreme,52,elevated,0.7.5
2026-09-29T07:29:04.397Z,88,extreme,52,elevated,0.7.5
2026-09-29T07:34:13.366Z,88,extreme,52,elevated,0.7.5
2026-09-29T07:39:03.323Z,88,extreme,52,elevated,0.7.5
2026-09-29T07:44:03.312Z,88,extreme,52,elevated,0.7.5
2026-09-29T07:49:03.932Z,88,extreme,52,elevated,0.7.5
2026-09-29T07:54:03.547Z,88,extreme,52,elevated,0.7.5
2026-09-29T07:59:03.322Z,88,extreme,52,elevated,0.7.5
2026-09-29T08:04:07.105Z,88,extreme,52,elevated,0.7.5
2026-09-29T08:09:05.573Z,88,extreme,52,elevated,0.7.5
2026-09-29T08:14:05.094Z,88,extreme,52,elevated,0.7.5
2026-09-29T08:19:07.183Z,88,extreme,52,elevated,0.7.5
2026-09-29T08:24:05.514Z,88,extreme,52,elevated,0.7.5
2026-09-29T08:29:04.170Z,88,extreme,52,elevated,0.7.5
2026-09-29T08:34:11.630Z,88,extreme,52,elevated,0.7.5
2026-09-29T08:39:04.881Z,88,extreme,52,elevated,0.7.5
2026-09-29T08:44:10.729Z,88,extreme,52,elevated,0.7.5
2026-09-29T08:49:09.490Z,88,extreme,52,elevated,0.7.5
2026-09-29T08:54:04.254Z,88,extreme,52,elevated,0.7.5
2026-09-29T08:59:05.004Z,88,extreme,52,elevated,0.7.5
2026-09-29T09:04:04.466Z,88,extreme,52,elevated,0.7.5
2026-09-29T09:09:07.296Z,88,extreme,52,elevated,0.7.5
2026-09-29T09:14:04.030Z,88,extreme,52,elevated,0.7.5
2026-09-29T09:19:03.555Z,88,extreme,52,elevated,0.7.5
2026-09-29T09:24:03.517Z,88,extreme,52,elevated,0.7.5
2026-09-29T09:29:04.202Z,88,extreme,52,elevated,0.7.5
2026-09-29T09:34:04.516Z,88,extreme,52,elevated,0.7.5
2026-09-29T09:39:05.411Z,88,extreme,52,elevated,0.7.5
2026-09-29T09:44:03.899Z,88,extreme,52,elevated,0.7.5
2026-09-29T09:49:03.976Z,88,extreme,52,elevated,0.7.5
2026-09-29T09:54:03.637Z,88,extreme,52,elevated,0.7.5
2026-09-29T09:59:04.674Z,88,extreme,52,elevated,0.7.5
2026-09-29T10:04:04.293Z,88,extreme,52,elevated,0.7.5
2026-09-29T10:09:03.991Z,88,extreme,52,elevated,0.7.5
2026-09-29T10:14:04.038Z,88,extreme,52,elevated,0.7.5
2026-09-29T10:19:04.544Z,88,extreme,52,elevated,0.7.5
2026-09-29T10:24:03.581Z,88,extreme,52,elevated,0.7.5
2026-09-29T10:29:04.291Z,88,extreme,52,elevated,0.7.5
2026-09-29T10:34:03.441Z,88,extreme,52,elevated,0.7.5
2026-09-29T10:39:03.584Z,88,extreme,52,elevated,0.7.5
2026-09-29T10:44:04.184Z,88,extreme,52,elevated,0.7.5
2026-09-29T10:49:05.074Z,88,extreme,52,elevated,0.7.5
2026-09-29T10:54:03.609Z,88,extreme,52,elevated,0.7.5
2026-09-29T10:59:03.360Z,88,extreme,52,elevated,0.7.5
2026-09-29T11:04:05.886Z,88,extreme,52,elevated,0.7.5
2026-09-29T11:09:07.228Z,88,extreme,52,elevated,0.7.5
2026-09-29T11:14:08.700Z,88,extreme,52,elevated,0.7.5
2026-09-29T11:19:05.558Z,88,extreme,52,elevated,0.7.5
2026-09-29T11:24:04.903Z,88,extreme,52,elevated,0.7.5
2026-09-29T11:29:05.066Z,88,extreme,52,elevated,0.7.5
2026-09-29T11:34:04.133Z,88,extreme,52,elevated,0.7.5
2026-09-29T11:39:03.669Z,88,extreme,52,elevated,0.7.5
2026-09-29T11:44:04.471Z,88,extreme,52,elevated,0.7.5
2026-09-29T11:49:04.047Z,88,extreme,52,elevated,0.7.5
2026-09-29T11:54:03.604Z,88,extreme,52,elevated,0.7.5
2026-09-29T11:59:04.086Z,88,extreme,51,elevated,0.7.5
2026-09-29T12:04:05.565Z,88,extreme,51,elevated,0.7.5
2026-09-29T12:09:14.108Z,88,extreme,51,elevated,0.7.5
2026-09-29T12:14:08.837Z,88,extreme,51,elevated,0.7.5
2026-09-29T12:19:07.594Z,88,extreme,51,elevated,0.7.5
2026-09-29T12:24:09.860Z,88,extreme,51,elevated,0.7.5
2026-09-29T12:29:09.206Z,88,extreme,51,elevated,0.7.5
2026-09-29T12:34:08.104Z,88,extreme,51,elevated,0.7.5
2026-09-29T12:39:06.859Z,88,extreme,51,elevated,0.7.5
2026-09-29T12:44:11.763Z,88,extreme,51,elevated,0.7.5
2026-09-29T12:49:06.389Z,88,extreme,51,elevated,0.7.5
2026-09-29T12:54:04.032Z,88,extreme,51,elevated,0.7.5
2026-09-29T12:59:08.529Z,88,extreme,53,elevated,0.7.5
2026-09-29T13:04:03.918Z,88,extreme,53,elevated,0.7.5
2026-09-29T13:09:13.948Z,88,extreme,53,elevated,0.7.5
2026-09-29T13:14:17.010Z,88,extreme,53,elevated,0.7.5
2026-09-29T13:19:11.237Z,88,extreme,53,elevated,0.7.5
2026-09-29T13:24:06.523Z,88,extreme,53,elevated,0.7.5
2026-09-29T13:29:06.799Z,88,extreme,53,elevated,0.7.5
2026-09-29T13:34:06.769Z,88,extreme,53,elevated,0.7.5
2026-09-29T13:39:12.670Z,88,extreme,53,elevated,0.7.5
2026-09-29T13:44:07.851Z,88,extreme,53,elevated,0.7.5
2026-09-29T13:49:04.370Z,88,extreme,53,elevated,0.7.5
2026-09-29T13:54:13.734Z,88,extreme,53,elevated,0.7.5
2026-09-29T13:59:11.150Z,88,extreme,53,elevated,0.7.5
2026-09-29T14:04:06.147Z,88,extreme,53,elevated,0.7.5
2026-09-29T14:09:04.328Z,88,extreme,53,elevated,0.7.5
2026-09-29T14:14:07.964Z,88,extreme,53,elevated,0.7.5
2026-09-29T14:19:14.298Z,88,extreme,53,elevated,0.7.5
2026-09-29T14:24:12.476Z,88,extreme,53,elevated,0.7.5
2026-09-29T14:29:04.765Z,88,extreme,53,elevated,0.7.5
2026-09-29T14:34:08.534Z,88,extreme,53,elevated,0.7.5
2026-09-29T14:39:04.498Z,88,extreme,53,elevated,0.7.6
2026-09-29T14:44:07.845Z,88,extreme,53,elevated,0.7.6
2026-09-29T14:49:05.739Z,88,extreme,53,elevated,0.7.6
2026-09-29T14:54:05.239Z,88,extreme,53,elevated,0.7.6
2026-09-29T14:59:11.509Z,88,extreme,53,elevated,0.7.6
2026-09-29T15:04:04.749Z,88,extreme,53,elevated,0.7.6
2026-09-29T15:09:04.142Z,88,extreme,53,elevated,0.7.6
2026-09-29T15:14:10.786Z,88,extreme,53,elevated,0.7.6
2026-09-29T15:19:06.657Z,88,extreme,53,elevated,0.7.6
2026-09-29T15:24:04.216Z,88,extreme,53,elevated,0.7.6
2026-09-29T15:29:03.840Z,88,extreme,53,elevated,0.7.6
2026-09-29T15:34:03.897Z,88,extreme,53,elevated,0.7.6
2026-09-29T15:39:03.825Z,88,extreme,53,elevated,0.7.6
2026-09-29T15:44:04.077Z,88,extreme,53,elevated,0.7.6
2026-09-29T15:49:04.493Z,88,extreme,53,elevated,0.7.6
2026-09-29T15:54:04.909Z,88,extreme,53,elevated,0.7.6
2026-09-29T15:59:03.998Z,88,extreme,53,elevated,0.7.6
2026-09-29T16:04:03.968Z,88,extreme,53,elevated,0.7.6
2026-09-29T16:09:03.814Z,88,extreme,53,elevated,0.7.6
2026-09-29T16:14:04.349Z,88,extreme,53,elevated,0.7.6
2026-09-29T16:19:04.641Z,88,extreme,53,elevated,0.7.6
2026-09-29T16:24:03.411Z,88,extreme,53,elevated,0.7.6
2026-09-29T16:29:04.207Z,88,extreme,53,elevated,0.7.6
2026-09-29T16:34:03.857Z,88,extreme,53,elevated,0.7.6
2026-09-29T16:39:03.664Z,88,extreme,53,elevated,0.7.6
2026-09-29T16:44:03.689Z,88,extreme,53,elevated,0.7.6
2026-09-29T16:49:03.728Z,88,extreme,53,elevated,0.7.6
2026-09-29T16:54:03.265Z,88,extreme,53,elevated,0.7.6
2026-09-29T16:59:03.400Z,88,extreme,53,elevated,0.7.6
2026-09-29T17:04:03.683Z,88,extreme,53,elevated,0.7.6
2026-09-29T17:09:04.050Z,88,extreme,53,elevated,0.7.6
2026-09-29T17:14:03.608Z,88,extreme,53,elevated,0.7.6
2026-09-29T17:19:03.314Z,88,extreme,53,elevated,0.7.6
2026-09-29T17:24:05.203Z,88,extreme,53,elevated,0.7.6
2026-09-29T17:29:04.034Z,88,extreme,53,elevated,0.7.6
2026-09-29T17:34:03.594Z,88,extreme,53,elevated,0.7.6
2026-09-29T17:39:04.039Z,88,extreme,53,elevated,0.7.6
2026-09-29T17:44:06.217Z,88,extreme,53,elevated,0.7.6
2026-09-29T17:49:04.195Z,88,extreme,53,elevated,0.7.6
2026-09-29T17:54:04.342Z,88,extreme,53,elevated,0.7.6
2026-09-29T17:59:04.415Z,88,extreme,53,elevated,0.7.6
2026-09-29T18:04:04.254Z,88,extreme,53,elevated,0.7.6
2026-09-29T18:09:05.068Z,88,extreme,53,elevated,0.7.6
2026-09-29T18:14:04.229Z,88,extreme,53,elevated,0.7.6
2026-09-29T18:19:04.343Z,88,extreme,53,elevated,0.7.6
2026-09-29T18:24:03.358Z,88,extreme,53,elevated,0.7.6
2026-09-29T18:29:04.082Z,88,extreme,53,elevated,0.7.6
2026-09-29T18:34:04.199Z,88,extreme,53,elevated,0.7.6
2026-09-29T18:39:03.384Z,88,extreme,53,elevated,0.7.6
2026-09-29T18:44:04.318Z,88,extreme,53,elevated,0.7.6
2026-09-29T18:49:03.468Z,88,extreme,53,elevated,0.7.6
2026-09-29T18:54:04.016Z,88,extreme,53,elevated,0.7.6
2026-09-29T18:59:03.382Z,88,extreme,53,elevated,0.7.6
2026-09-29T19:04:03.971Z,88,extreme,54,elevated,0.7.6
2026-09-29T19:09:03.595Z,88,extreme,54,elevated,0.7.6
2026-09-29T19:14:04.237Z,88,extreme,54,elevated,0.7.6
2026-09-29T19:19:04.139Z,88,extreme,54,elevated,0.7.6
2026-09-29T19:24:03.417Z,88,extreme,54,elevated,0.7.6
2026-09-29T19:29:03.741Z,88,extreme,54,elevated,0.7.6
2026-09-29T19:34:03.624Z,88,extreme,54,elevated,0.7.6
2026-09-29T19:39:04.261Z,88,extreme,54,elevated,0.7.6
2026-09-29T19:44:03.840Z,88,extreme,54,elevated,0.7.6
2026-09-29T19:49:03.542Z,88,extreme,54,elevated,0.7.6
2026-09-29T19:54:03.441Z,88,extreme,54,elevated,0.7.6
2026-09-29T19:59:03.840Z,88,extreme,54,elevated,0.7.6
2026-09-29T20:04:04.396Z,88,extreme,54,elevated,0.7.6
2026-09-29T20:09:03.944Z,88,extreme,54,elevated,0.7.6
2026-09-29T20:14:04.548Z,88,extreme,54,elevated,0.7.6
2026-09-29T20:19:03.961Z,88,extreme,54,elevated,0.7.6
2026-09-29T20:24:03.403Z,88,extreme,54,elevated,0.7.6
2026-09-29T20:29:03.331Z,88,extreme,54,elevated,0.7.6
2026-09-29T20:34:04.326Z,88,extreme,54,elevated,0.7.6
2026-09-29T20:39:04.391Z,88,extreme,54,elevated,0.7.6
2026-09-29T20:44:03.756Z,88,extreme,54,elevated,0.7.6
2026-09-29T20:49:03.847Z,88,extreme,54,elevated,0.7.6
2026-09-29T20:54:04.438Z,88,extreme,54,elevated,0.7.6
2026-09-29T20:59:04.064Z,88,extreme,54,elevated,0.7.6
2026-09-29T21:04:04.099Z,88,extreme,54,elevated,0.7.6
2026-09-29T21:09:04.304Z,88,extreme,54,elevated,0.7.6
2026-09-29T21:14:03.737Z,88,extreme,54,elevated,0.7.6
2026-09-29T21:19:04.713Z,88,extreme,54,elevated,0.7.6
2026-09-29T21:24:03.957Z,88,extreme,54,elevated,0.7.6
2026-09-29T21:29:04.676Z,88,extreme,54,elevated,0.7.6
2026-09-29T21:34:04.137Z,88,extreme,54,elevated,0.7.6
2026-09-29T21:39:03.359Z,88,extreme,54,elevated,0.7.6
2026-09-29T21:44:03.903Z,88,extreme,54,elevated,0.7.6
2026-09-29T21:49:04.250Z,88,extreme,54,elevated,0.7.6
2026-09-29T21:54:03.920Z,88,extreme,54,elevated,0.7.6
2026-09-29T21:59:04.044Z,88,extreme,54,elevated,0.7.6
2026-09-29T22:04:10.212Z,88,extreme,54,elevated,0.7.6
2026-09-29T22:09:08.152Z,88,extreme,54,elevated,0.7.6
2026-09-29T22:14:05.460Z,88,extreme,54,elevated,0.7.6
2026-09-29T22:19:13.335Z,88,extreme,54,elevated,0.7.6
2026-09-29T22:24:05.813Z,88,extreme,54,elevated,0.7.6
2026-09-29T22:29:10.265Z,88,extreme,54,elevated,0.7.6
2026-09-29T22:34:08.925Z,88,extreme,54,elevated,0.7.6
2026-09-29T22:39:12.613Z,88,extreme,54,elevated,0.7.6
2026-09-29T22:44:04.093Z,88,extreme,53,elevated,0.7.6
2026-09-29T22:49:05.097Z,88,extreme,53,elevated,0.7.6
2026-09-29T22:54:03.476Z,88,extreme,53,elevated,0.7.6
2026-09-29T22:59:03.879Z,88,extreme,53,elevated,0.7.6
2026-09-29T23:04:03.943Z,88,extreme,53,elevated,0.7.6
2026-09-29T23:09:03.258Z,88,extreme,53,elevated,0.7.6
2026-09-29T23:14:03.430Z,88,extreme,53,elevated,0.7.6
2026-09-29T23:19:03.229Z,88,extreme,53,elevated,0.7.6
2026-09-29T23:24:03.374Z,88,extreme,53,elevated,0.7.6
2026-09-29T23:29:03.857Z,88,extreme,53,elevated,0.7.6
2026-09-29T23:34:03.293Z,88,extreme,53,elevated,0.7.6
2026-09-29T23:39:04.350Z,88,extreme,53,elevated,0.7.6
2026-09-29T23:44:04.056Z,88,extreme,53,elevated,0.7.6
2026-09-29T23:49:03.809Z,88,extreme,53,elevated,0.7.6
2026-09-29T23:54:03.342Z,88,extreme,53,elevated,0.7.6
2026-09-29T23:59:03.485Z,88,extreme,53,elevated,0.7.6
2026-09-30T00:04:03.837Z,88,extreme,53,elevated,0.7.6
2026-09-30T00:09:03.398Z,88,extreme,53,elevated,0.7.6
2026-09-30T00:14:03.408Z,88,extreme,53,elevated,0.7.6
2026-09-30T00:19:03.944Z,88,extreme,53,elevated,0.7.6
2026-09-30T00:24:03.988Z,88,extreme,53,elevated,0.7.6
2026-09-30T00:29:03.976Z,88,extreme,54,elevated,0.7.6
2026-09-30T00:34:05.255Z,88,extreme,54,elevated,0.7.6
2026-09-30T00:39:03.935Z,88,extreme,54,elevated,0.7.6
2026-09-30T00:44:04.551Z,88,extreme,54,elevated,0.7.6
2026-09-30T00:49:05.380Z,88,extreme,54,elevated,0.7.6
2026-09-30T00:54:03.202Z,88,extreme,54,elevated,0.7.6
2026-09-30T00:59:04.780Z,88,extreme,54,elevated,0.7.6
2026-09-30T01:04:04.735Z,88,extreme,54,elevated,0.7.6
2026-09-30T01:09:03.964Z,88,extreme,54,elevated,0.7.6
2026-09-30T01:14:04.350Z,88,extreme,54,elevated,0.7.6
2026-09-30T01:19:04.092Z,88,extreme,54,elevated,0.7.6
2026-09-30T01:24:03.916Z,88,extreme,54,elevated,0.7.6
2026-09-30T01:29:04.418Z,88,extreme,54,elevated,0.7.6
2026-09-30T01:34:03.440Z,88,extreme,54,elevated,0.7.6
2026-09-30T01:39:03.994Z,88,extreme,54,elevated,0.7.6
2026-09-30T01:44:04.613Z,88,extreme,54,elevated,0.7.6
2026-09-30T01:49:04.130Z,88,extreme,54,elevated,0.7.6
2026-09-30T01:54:03.469Z,88,extreme,54,elevated,0.7.6
2026-09-30T01:59:03.971Z,88,extreme,54,elevated,0.7.6
2026-09-30T02:04:05.907Z,88,extreme,54,elevated,0.7.6
2026-09-30T02:09:12.785Z,88,extreme,54,elevated,0.7.6
2026-09-30T02:14:04.308Z,88,extreme,54,elevated,0.7.6
2026-09-30T02:19:15.336Z,88,extreme,54,elevated,0.7.6
2026-09-30T02:24:04.431Z,88,extreme,54,elevated,0.7.6
2026-09-30T02:29:04.253Z,88,extreme,54,elevated,0.7.6
2026-09-30T02:34:09.046Z,88,extreme,54,elevated,0.7.6
2026-09-30T02:39:04.892Z,88,extreme,54,elevated,0.7.6
2026-09-30T02:44:06.834Z,88,extreme,54,elevated,0.7.6
2026-09-30T02:49:14.121Z,88,extreme,54,elevated,0.7.6
2026-09-30T02:54:11.900Z,88,extreme,54,elevated,0.7.6
2026-09-30T02:59:03.902Z,88,extreme,54,elevated,0.7.6
2026-09-30T03:04:05.371Z,88,extreme,54,elevated,0.7.6
2026-09-30T03:09:03.312Z,88,extreme,54,elevated,0.7.6
2026-09-30T03:14:03.661Z,88,extreme,54,elevated,0.7.6
2026-09-30T03:19:03.362Z,88,extreme,54,elevated,0.7.6
2026-09-30T03:24:03.647Z,88,extreme,54,elevated,0.7.6
2026-09-30T03:29:04.033Z,88,extreme,54,elevated,0.7.6
2026-09-30T03:34:03.908Z,88,extreme,54,elevated,0.7.6
2026-09-30T03:39:03.276Z,88,extreme,54,elevated,0.7.6
2026-09-30T03:44:04.165Z,88,extreme,54,elevated,0.7.6
2026-09-30T03:49:03.302Z,88,extreme,54,elevated,0.7.6
2026-09-30T03:54:03.387Z,88,extreme,54,elevated,0.7.6
2026-09-30T03:59:03.567Z,88,extreme,54,elevated,0.7.6
2026-09-30T04:04:05.676Z,88,extreme,54,elevated,0.7.6
2026-09-30T04:09:03.834Z,88,extreme,54,elevated,0.7.6
2026-09-30T04:14:03.484Z,88,extreme,54,elevated,0.7.6
2026-09-30T04:19:03.510Z,88,extreme,54,elevated,0.7.6
2026-09-30T04:24:03.216Z,88,extreme,54,elevated,0.7.6
2026-09-30T04:29:04.163Z,88,extreme,54,elevated,0.7.6
2026-09-30T04:34:06.550Z,88,extreme,54,elevated,0.7.6
2026-09-30T04:39:03.341Z,88,extreme,54,elevated,0.7.6
2026-09-30T04:44:10.589Z,88,extreme,54,elevated,0.7.6
2026-09-30T04:49:04.252Z,88,extreme,54,elevated,0.7.6
2026-09-30T04:54:05.523Z,88,extreme,54,elevated,0.7.6
2026-09-30T04:59:03.974Z,88,extreme,54,elevated,0.7.6
2026-09-30T05:04:07.890Z,88,extreme,54,elevated,0.7.6
2026-09-30T05:09:09.571Z,88,extreme,54,elevated,0.7.6
2026-09-30T05:14:08.555Z,88,extreme,54,elevated,0.7.6
2026-09-30T05:19:05.703Z,88,extreme,54,elevated,0.7.6
2026-09-30T05:24:06.908Z,88,extreme,54,elevated,0.7.6
2026-09-30T05:29:03.382Z,88,extreme,54,elevated,0.7.6
2026-09-30T05:34:04.408Z,88,extreme,54,elevated,0.7.6
2026-09-30T05:39:03.452Z,88,extreme,54,elevated,0.7.6
2026-09-30T05:44:04.643Z,88,extreme,54,elevated,0.7.6
2026-09-30T05:49:03.989Z,88,extreme,54,elevated,0.7.6
2026-09-30T05:54:05.554Z,88,extreme,54,elevated,0.7.6
2026-09-30T05:59:03.830Z,88,extreme,54,elevated,0.7.6
2026-09-30T06:04:05.650Z,88,extreme,54,elevated,0.7.6
2026-09-30T06:09:03.341Z,88,extreme,54,elevated,0.7.6
2026-09-30T06:14:03.417Z,88,extreme,54,elevated,0.7.6
2026-09-30T06:19:03.397Z,88,extreme,54,elevated,0.7.6
2026-09-30T06:24:03.211Z,88,extreme,54,elevated,0.7.6
2026-09-30T06:29:03.462Z,88,extreme,54,elevated,0.7.6
2026-09-30T06:34:03.859Z,88,extreme,54,elevated,0.7.6
2026-09-30T06:39:03.269Z,88,extreme,54,elevated,0.7.6
2026-09-30T06:44:04.916Z,88,extreme,54,elevated,0.7.6
2026-09-30T06:49:03.859Z,88,extreme,54,elevated,0.7.6
2026-09-30T06:54:04.134Z,88,extreme,54,elevated,0.7.6
2026-09-30T06:59:04.036Z,88,extreme,54,elevated,0.7.6
2026-09-30T07:04:05.788Z,88,extreme,54,elevated,0.7.6
2026-09-30T07:09:03.387Z,88,extreme,54,elevated,0.7.6
2026-09-30T07:14:03.526Z,88,extreme,54,elevated,0.7.6
2026-09-30T07:19:03.930Z,88,extreme,54,elevated,0.7.6
2026-09-30T07:24:03.317Z,88,extreme,54,elevated,0.7.6
2026-09-30T07:29:04.459Z,88,extreme,54,elevated,0.7.6
2026-09-30T07:34:03.805Z,88,extreme,54,elevated,0.7.6
2026-09-30T07:39:03.885Z,88,extreme,54,elevated,0.7.6
2026-09-30T07:44:03.329Z,88,extreme,54,elevated,0.7.6
2026-09-30T07:49:04.080Z,88,extreme,54,elevated,0.7.6
2026-09-30T07:54:04.254Z,88,extreme,54,elevated,0.7.6
2026-09-30T07:59:03.903Z,88,extreme,54,elevated,0.7.6
2026-09-30T08:04:03.947Z,88,extreme,54,elevated,0.7.6
2026-09-30T08:09:09.483Z,88,extreme,54,elevated,0.7.6
2026-09-30T08:14:05.177Z,88,extreme,54,elevated,0.7.6
2026-09-30T08:19:03.810Z,88,extreme,54,elevated,0.7.6
2026-09-30T08:24:05.729Z,88,extreme,54,elevated,0.7.6
2026-09-30T08:29:13.499Z,88,extreme,54,elevated,0.7.6
2026-09-30T08:34:03.343Z,88,extreme,54,elevated,0.7.6
2026-09-30T08:39:11.704Z,88,extreme,54,elevated,0.7.6
2026-09-30T08:44:07.684Z,88,extreme,54,elevated,0.7.6
2026-09-30T08:49:06.045Z,88,extreme,54,elevated,0.7.6
2026-09-30T08:54:05.417Z,88,extreme,54,elevated,0.7.6
2026-09-30T08:59:05.556Z,88,extreme,54,elevated,0.7.6
2026-09-30T09:04:08.997Z,88,extreme,54,elevated,0.7.6
2026-09-30T09:09:06.512Z,88,extreme,54,elevated,0.7.6
2026-09-30T09:14:09.590Z,88,extreme,54,elevated,0.7.6
2026-09-30T09:19:04.578Z,88,extreme,54,elevated,0.7.6
2026-09-30T09:24:13.027Z,88,extreme,54,elevated,0.7.6
2026-09-30T09:29:05.762Z,88,extreme,54,elevated,0.7.6
2026-09-30T09:34:08.096Z,88,extreme,54,elevated,0.7.6
2026-09-30T09:39:09.424Z,88,extreme,54,elevated,0.7.6
2026-09-30T09:44:04.871Z,88,extreme,54,elevated,0.7.6
2026-09-30T09:49:04.748Z,88,extreme,54,elevated,0.7.6
2026-09-30T09:54:04.513Z,88,extreme,54,elevated,0.7.6
2026-09-30T09:59:03.628Z,88,extreme,54,elevated,0.7.6
2026-09-30T10:04:06.703Z,88,extreme,54,elevated,0.7.6
2026-09-30T10:09:06.099Z,88,extreme,54,elevated,0.7.6
2026-09-30T10:14:03.721Z,88,extreme,54,elevated,0.7.6
2026-09-30T10:19:08.403Z,88,extreme,54,elevated,0.7.6
2026-09-30T10:24:03.821Z,88,extreme,54,elevated,0.7.6
2026-09-30T10:29:03.641Z,88,extreme,54,elevated,0.7.6
2026-09-30T10:34:09.090Z,88,extreme,54,elevated,0.7.6
2026-09-30T10:39:04.829Z,88,extreme,54,elevated,0.7.6
2026-09-30T10:44:03.902Z,88,extreme,54,elevated,0.7.6
2026-09-30T10:49:03.216Z,88,extreme,53,elevated,0.7.6
2026-09-30T10:54:04.726Z,88,extreme,53,elevated,0.7.6
2026-09-30T10:59:03.897Z,88,extreme,53,elevated,0.7.6
2026-09-30T11:04:04.227Z,88,extreme,53,elevated,0.7.6
2026-09-30T11:09:05.761Z,88,extreme,53,elevated,0.7.6
2026-09-30T11:14:07.306Z,88,extreme,53,elevated,0.7.6
2026-09-30T11:19:07.676Z,88,extreme,53,elevated,0.7.6
2026-09-30T11:24:08.444Z,88,extreme,53,elevated,0.7.6
2026-09-30T11:29:09.999Z,88,extreme,53,elevated,0.7.6
2026-09-30T11:34:08.632Z,88,extreme,53,elevated,0.7.6
2026-09-30T11:39:08.442Z,88,extreme,53,elevated,0.7.6
2026-09-30T11:44:12.761Z,88,extreme,53,elevated,0.7.6
2026-09-30T11:49:09.894Z,88,extreme,53,elevated,0.7.6
2026-09-30T11:54:09.002Z,88,extreme,53,elevated,0.7.6
2026-09-30T11:59:04.441Z,88,extreme,53,elevated,0.7.6
2026-09-30T12:04:10.000Z,88,extreme,53,elevated,0.7.6
2026-09-30T12:09:12.632Z,88,extreme,53,elevated,0.7.6
2026-09-30T12:14:07.598Z,88,extreme,53,elevated,0.7.6
2026-09-30T12:19:06.158Z,88,extreme,53,elevated,0.7.6
2026-09-30T12:24:06.550Z,88,extreme,53,elevated,0.7.6
2026-09-30T12:29:07.119Z,88,extreme,53,elevated,0.7.6
2026-09-30T12:34:04.917Z,88,extreme,53,elevated,0.7.6
2026-09-30T12:39:05.628Z,88,extreme,53,elevated,0.7.6
2026-09-30T12:44:11.574Z,88,extreme,53,elevated,0.7.6
2026-09-30T12:49:05.689Z,88,extreme,53,elevated,0.7.6
2026-09-30T12:54:10.310Z,88,extreme,53,elevated,0.7.6
2026-09-30T12:59:04.846Z,88,extreme,53,elevated,0.7.6
2026-09-30T13:04:09.392Z,88,extreme,53,elevated,0.7.6
2026-09-30T13:09:06.863Z,88,extreme,53,elevated,0.7.6
2026-09-30T13:14:12.074Z,88,extreme,53,elevated,0.7.6
2026-09-30T13:19:05.711Z,88,extreme,53,elevated,0.7.6
2026-09-30T13:24:11.428Z,88,extreme,53,elevated,0.7.6
2026-09-30T13:29:04.068Z,88,extreme,53,elevated,0.7.6
2026-09-30T13:34:07.377Z,88,extreme,53,elevated,0.7.6
2026-09-30T13:39:08.080Z,88,extreme,53,elevated,0.7.6
2026-09-30T13:44:05.254Z,88,extreme,53,elevated,0.7.6
2026-09-30T13:49:04.834Z,88,extreme,53,elevated,0.7.6
2026-09-30T13:54:06.366Z,88,extreme,53,elevated,0.7.6
2026-09-30T13:59:10.520Z,88,extreme,53,elevated,0.7.6
2026-09-30T14:04:04.139Z,88,extreme,53,elevated,0.7.6
2026-09-30T14:09:04.375Z,88,extreme,53,elevated,0.7.6
2026-09-30T14:14:04.097Z,88,extreme,53,elevated,0.7.6
2026-09-30T14:19:03.220Z,88,extreme,53,elevated,0.7.6
2026-09-30T14:24:04.135Z,88,extreme,53,elevated,0.7.6
2026-09-30T14:29:03.741Z,88,extreme,53,elevated,0.7.6
2026-09-30T14:34:04.043Z,88,extreme,53,elevated,0.7.6
2026-09-30T14:39:03.510Z,88,extreme,53,elevated,0.7.6
2026-09-30T14:44:04.756Z,88,extreme,53,elevated,0.7.6
2026-09-30T14:49:04.105Z,88,extreme,53,elevated,0.7.6
2026-09-30T14:54:04.075Z,88,extreme,53,elevated,0.7.6
2026-09-30T14:59:04.293Z,88,extreme,53,elevated,0.7.6
2026-09-30T15:04:07.557Z,88,extreme,53,elevated,0.7.6
2026-09-30T15:09:10.852Z,88,extreme,53,elevated,0.7.6
2026-09-30T15:14:11.184Z,88,extreme,53,elevated,0.7.6
2026-09-30T15:19:03.410Z,88,extreme,53,elevated,0.7.6
2026-09-30T15:24:12.596Z,88,extreme,53,elevated,0.7.6
2026-09-30T15:29:05.134Z,88,extreme,53,elevated,0.7.6
2026-09-30T15:34:10.377Z,88,extreme,53,elevated,0.7.6
2026-09-30T15:39:08.342Z,88,extreme,53,elevated,0.7.6
2026-09-30T15:44:09.557Z,88,extreme,53,elevated,0.7.6
2026-09-30T15:49:12.222Z,88,extreme,53,elevated,0.7.6
2026-09-30T15:54:08.077Z,88,extreme,53,elevated,0.7.6
2026-09-30T15:59:04.028Z,88,extreme,53,elevated,0.7.6
2026-09-30T16:04:11.293Z,88,extreme,53,elevated,0.7.6
2026-09-30T16:09:06.997Z,88,extreme,53,elevated,0.7.6
2026-09-30T16:14:10.922Z,88,extreme,53,elevated,0.7.6
2026-09-30T16:19:07.921Z,88,extreme,53,elevated,0.7.6
2026-09-30T16:24:05.506Z,88,extreme,53,elevated,0.7.6
2026-09-30T16:29:11.143Z,88,extreme,54,elevated,0.7.6
2026-09-30T16:34:04.395Z,88,extreme,54,elevated,0.7.6
2026-09-30T16:39:04.897Z,88,extreme,54,elevated,0.7.6
2026-09-30T16:44:05.271Z,88,extreme,54,elevated,0.7.6
2026-09-30T16:49:05.146Z,88,extreme,54,elevated,0.7.6
2026-09-30T16:54:12.193Z,88,extreme,54,elevated,0.7.6
2026-09-30T16:59:08.065Z,88,extreme,54,elevated,0.7.6
2026-09-30T17:04:05.064Z,88,extreme,54,elevated,0.7.6
2026-09-30T17:09:04.681Z,88,extreme,54,elevated,0.7.6
2026-09-30T17:14:08.265Z,88,extreme,54,elevated,0.7.6
2026-09-30T17:19:03.499Z,88,extreme,54,elevated,0.7.6
2026-09-30T17:24:04.497Z,88,extreme,54,elevated,0.7.6
2026-09-30T17:29:04.940Z,88,extreme,54,elevated,0.7.6
2026-09-30T17:34:04.415Z,88,extreme,54,elevated,0.7.6
2026-09-30T17:39:05.274Z,88,extreme,54,elevated,0.7.6
2026-09-30T17:44:04.947Z,88,extreme,54,elevated,0.7.6
2026-09-30T17:49:07.375Z,88,extreme,54,elevated,0.7.6
2026-09-30T17:54:07.671Z,88,extreme,54,elevated,0.7.6
2026-09-30T17:59:10.396Z,88,extreme,54,elevated,0.7.6
2026-09-30T18:04:11.250Z,88,extreme,54,elevated,0.7.6
2026-09-30T18:09:04.094Z,88,extreme,54,elevated,0.7.6
2026-09-30T18:14:06.462Z,88,extreme,54,elevated,0.7.6
2026-09-30T18:19:04.740Z,88,extreme,54,elevated,0.7.6
2026-09-30T18:24:05.763Z,88,extreme,54,elevated,0.7.6
2026-09-30T18:29:11.186Z,88,extreme,54,elevated,0.7.6
2026-09-30T18:34:05.924Z,88,extreme,54,elevated,0.7.6
2026-09-30T18:39:06.692Z,88,extreme,54,elevated,0.7.6
2026-09-30T18:44:06.246Z,88,extreme,54,elevated,0.7.6
2026-09-30T18:49:08.866Z,88,extreme,54,elevated,0.7.6
2026-09-30T18:54:04.696Z,88,extreme,54,elevated,0.7.6
2026-09-30T18:59:09.776Z,88,extreme,54,elevated,0.7.6
2026-09-30T19:04:04.382Z,88,extreme,54,elevated,0.7.6
2026-09-30T19:09:03.980Z,88,extreme,54,elevated,0.7.6
2026-09-30T19:14:03.427Z,88,extreme,53,elevated,0.7.6
2026-09-30T19:19:03.891Z,88,extreme,53,elevated,0.7.6
2026-09-30T19:24:03.502Z,88,extreme,53,elevated,0.7.6
2026-09-30T19:29:03.858Z,88,extreme,53,elevated,0.7.6
2026-09-30T19:34:03.267Z,88,extreme,53,elevated,0.7.6
2026-09-30T19:39:05.672Z,88,extreme,53,elevated,0.7.6
2026-09-30T19:44:03.601Z,88,extreme,53,elevated,0.7.6
2026-09-30T19:49:04.140Z,88,extreme,53,elevated,0.7.6
2026-09-30T19:54:04.589Z,88,extreme,53,elevated,0.7.6
2026-09-30T19:59:04.276Z,88,extreme,53,elevated,0.7.6
2026-09-30T20:04:04.502Z,88,extreme,54,elevated,0.7.6
2026-09-30T20:09:04.377Z,88,extreme,54,elevated,0.7.6
2026-09-30T20:14:08.129Z,88,extreme,54,elevated,0.7.6
2026-09-30T20:19:05.444Z,88,extreme,54,elevated,0.7.6
2026-09-30T20:24:11.476Z,88,extreme,54,elevated,0.7.6
2026-09-30T20:29:07.922Z,88,extreme,54,elevated,0.7.6
2026-09-30T20:34:05.583Z,88,extreme,54,elevated,0.7.6
2026-09-30T20:39:12.337Z,88,extreme,54,elevated,0.7.6
2026-09-30T20:44:05.604Z,88,extreme,54,elevated,0.7.6
2026-09-30T20:49:05.713Z,88,extreme,54,elevated,0.7.6
2026-09-30T20:54:13.548Z,88,extreme,54,elevated,0.7.6
2026-09-30T20:59:10.063Z,88,extreme,54,elevated,0.7.6
2026-09-30T21:04:10.744Z,88,extreme,54,elevated,0.7.6
2026-09-30T21:09:08.516Z,88,extreme,54,elevated,0.7.6
2026-09-30T21:14:05.381Z,88,extreme,54,elevated,0.7.6
2026-09-30T21:19:05.432Z,88,extreme,54,elevated,0.7.6
2026-09-30T21:24:12.609Z,88,extreme,54,elevated,0.7.6
2026-09-30T21:29:03.877Z,88,extreme,54,elevated,0.7.6
2026-09-30T21:34:03.747Z,88,extreme,54,elevated,0.7.6
2026-09-30T21:39:03.440Z,88,extreme,54,elevated,0.7.6
2026-09-30T21:44:03.992Z,88,extreme,54,elevated,0.7.6
2026-09-30T21:49:03.926Z,88,extreme,54,elevated,0.7.6
2026-09-30T21:54:03.305Z,88,extreme,54,elevated,0.7.6
2026-09-30T21:59:03.311Z,88,extreme,54,elevated,0.7.6
2026-09-30T22:04:12.696Z,88,extreme,54,elevated,0.7.6
2026-09-30T22:09:04.016Z,88,extreme,54,elevated,0.7.6
2026-09-30T22:14:03.396Z,88,extreme,54,elevated,0.7.6
2026-09-30T22:19:03.754Z,88,extreme,54,elevated,0.7.6
2026-09-30T22:24:06.235Z,88,extreme,54,elevated,0.7.6
2026-09-30T22:29:03.551Z,88,extreme,54,elevated,0.7.6
2026-09-30T22:34:03.356Z,88,extreme,54,elevated,0.7.6
2026-09-30T22:39:03.945Z,88,extreme,54,elevated,0.7.6
2026-09-30T22:44:04.956Z,88,extreme,54,elevated,0.7.6
2026-09-30T22:49:03.473Z,88,extreme,54,elevated,0.7.6
2026-09-30T22:54:03.468Z,88,extreme,54,elevated,0.7.6
2026-09-30T22:59:03.721Z,88,extreme,54,elevated,0.7.6
2026-09-30T23:04:04.791Z,88,extreme,54,elevated,0.7.6
2026-09-30T23:09:03.385Z,88,extreme,54,elevated,0.7.6
2026-09-30T23:14:05.111Z,88,extreme,54,elevated,0.7.6
2026-09-30T23:19:11.623Z,88,extreme,54,elevated,0.7.6
2026-09-30T23:24:05.212Z,88,extreme,54,elevated,0.7.6
2026-09-30T23:29:06.706Z,88,extreme,54,elevated,0.7.6
2026-09-30T23:34:07.688Z,88,extreme,54,elevated,0.7.6
2026-09-30T23:39:05.186Z,88,extreme,54,elevated,0.7.6
2026-09-30T23:44:05.313Z,88,extreme,54,elevated,0.7.6
2026-09-30T23:49:10.541Z,88,extreme,54,elevated,0.7.6
2026-09-30T23:54:05.029Z,88,extreme,54,elevated,0.7.6
2026-09-30T23:59:09.995Z,88,extreme,54,elevated,0.7.6
2026-10-01T00:04:05.578Z,88,extreme,54,elevated,0.7.6
2026-10-01T00:09:08.078Z,88,extreme,54,elevated,0.7.6
2026-10-01T00:14:04.562Z,88,extreme,54,elevated,0.7.6
2026-10-01T00:19:10.554Z,88,extreme,54,elevated,0.7.6
2026-10-01T00:24:05.880Z,88,extreme,54,elevated,0.7.6
2026-10-01T00:29:06.689Z,88,extreme,54,elevated,0.7.6
2026-10-01T00:34:07.176Z,88,extreme,54,elevated,0.7.6
2026-10-01T00:39:04.249Z,88,extreme,54,elevated,0.7.6
2026-10-01T00:44:06.977Z,88,extreme,54,elevated,0.7.6
2026-10-01T00:49:10.384Z,88,extreme,54,elevated,0.7.6
2026-10-01T00:54:15.794Z,88,extreme,54,elevated,0.7.6
2026-10-01T00:59:05.520Z,88,extreme,54,elevated,0.7.6
2026-10-01T01:04:04.409Z,88,extreme,54,elevated,0.7.6
2026-10-01T01:09:05.523Z,88,extreme,54,elevated,0.7.6
2026-10-01T01:14:07.918Z,88,extreme,54,elevated,0.7.6
2026-10-01T01:19:08.450Z,88,extreme,54,elevated,0.7.6
2026-10-01T01:24:03.560Z,88,extreme,54,elevated,0.7.6
2026-10-01T01:29:03.737Z,88,extreme,54,elevated,0.7.6
2026-10-01T01:34:03.951Z,88,extreme,54,elevated,0.7.6
2026-10-01T01:39:03.225Z,88,extreme,54,elevated,0.7.6
2026-10-01T01:44:03.930Z,88,extreme,54,elevated,0.7.6
2026-10-01T01:49:03.278Z,88,extreme,54,elevated,0.7.6
2026-10-01T01:54:03.509Z,88,extreme,54,elevated,0.7.6
2026-10-01T01:59:03.910Z,88,extreme,54,elevated,0.7.6
2026-10-01T02:04:04.996Z,88,extreme,54,elevated,0.7.6
2026-10-01T02:09:05.408Z,88,extreme,54,elevated,0.7.6
2026-10-01T02:14:11.906Z,88,extreme,54,elevated,0.7.6
2026-10-01T02:19:12.666Z,88,extreme,54,elevated,0.7.6
2026-10-01T02:24:09.563Z,88,extreme,54,elevated,0.7.6
2026-10-01T02:29:07.758Z,88,extreme,54,elevated,0.7.6
2026-10-01T02:34:09.285Z,88,extreme,54,elevated,0.7.6
2026-10-01T02:39:09.365Z,88,extreme,54,elevated,0.7.6
2026-10-01T02:44:09.258Z,88,extreme,54,elevated,0.7.6
2026-10-01T02:49:10.148Z,88,extreme,54,elevated,0.7.6
2026-10-01T02:54:04.191Z,88,extreme,54,elevated,0.7.6
2026-10-01T02:59:05.391Z,88,extreme,54,elevated,0.7.6
2026-10-01T03:04:08.698Z,88,extreme,54,elevated,0.7.6
2026-10-01T03:09:04.895Z,88,extreme,54,elevated,0.7.6
2026-10-01T03:14:07.584Z,88,extreme,54,elevated,0.7.6
2026-10-01T03:19:09.899Z,88,extreme,54,elevated,0.7.6
2026-10-01T03:24:05.797Z,88,extreme,54,elevated,0.7.6
2026-10-01T03:29:05.804Z,88,extreme,54,elevated,0.7.6
2026-10-01T03:34:04.934Z,88,extreme,54,elevated,0.7.6
2026-10-01T03:39:11.587Z,88,extreme,54,elevated,0.7.6
2026-10-01T03:44:05.403Z,88,extreme,54,elevated,0.7.6
2026-10-01T03:49:05.426Z,88,extreme,54,elevated,0.7.6
2026-10-01T03:54:04.353Z,88,extreme,54,elevated,0.7.6
2026-10-01T03:59:10.754Z,88,extreme,54,elevated,0.7.6
2026-10-01T04:04:05.145Z,88,extreme,54,elevated,0.7.6
2026-10-01T04:09:03.367Z,88,extreme,54,elevated,0.7.6
2026-10-01T04:14:03.482Z,88,extreme,54,elevated,0.7.6
2026-10-01T04:19:04.518Z,88,extreme,54,elevated,0.7.6
2026-10-01T04:24:03.194Z,88,extreme,54,elevated,0.7.6
2026-10-01T04:29:05.474Z,88,extreme,54,elevated,0.7.6
2026-10-01T04:34:03.337Z,88,extreme,54,elevated,0.7.6
2026-10-01T04:39:03.196Z,88,extreme,54,elevated,0.7.6
2026-10-01T04:44:03.781Z,88,extreme,54,elevated,0.7.6
2026-10-01T04:49:04.445Z,88,extreme,54,elevated,0.7.6
2026-10-01T04:54:03.125Z,88,extreme,54,elevated,0.7.6
2026-10-01T04:59:04.564Z,88,extreme,54,elevated,0.7.6
2026-10-01T05:04:07.679Z,88,extreme,54,elevated,0.7.6
2026-10-01T05:09:05.371Z,88,extreme,54,elevated,0.7.6
2026-10-01T05:14:07.278Z,88,extreme,54,elevated,0.7.6
2026-10-01T05:19:05.334Z,88,extreme,53,elevated,0.7.6
2026-10-01T05:24:05.519Z,88,extreme,53,elevated,0.7.6
2026-10-01T05:29:09.271Z,88,extreme,53,elevated,0.7.6
2026-10-01T05:34:08.055Z,88,extreme,53,elevated,0.7.6
2026-10-01T05:39:07.861Z,88,extreme,53,elevated,0.7.6
2026-10-01T05:44:04.346Z,88,extreme,53,elevated,0.7.6
2026-10-01T05:49:10.348Z,88,extreme,53,elevated,0.7.6
2026-10-01T05:54:07.755Z,88,extreme,53,elevated,0.7.6
2026-10-01T05:59:07.529Z,88,extreme,53,elevated,0.7.6
2026-10-01T06:04:03.940Z,88,extreme,53,elevated,0.7.6
2026-10-01T06:09:03.183Z,88,extreme,53,elevated,0.7.6
2026-10-01T06:14:05.868Z,88,extreme,53,elevated,0.7.6
2026-10-01T06:19:05.778Z,88,extreme,53,elevated,0.7.6
2026-10-01T06:24:03.819Z,88,extreme,53,elevated,0.7.6
2026-10-01T06:29:03.775Z,88,extreme,53,elevated,0.7.6
2026-10-01T06:34:03.508Z,88,extreme,53,elevated,0.7.6
2026-10-01T06:39:03.905Z,88,extreme,53,elevated,0.7.6
2026-10-01T06:44:04.075Z,88,extreme,53,elevated,0.7.6
2026-10-01T06:49:03.409Z,88,extreme,53,elevated,0.7.6
2026-10-01T06:54:03.318Z,88,extreme,53,elevated,0.7.6
2026-10-01T06:59:04.933Z,88,extreme,53,elevated,0.7.6
2026-10-01T07:04:03.821Z,88,extreme,53,elevated,0.7.6
2026-10-01T07:09:03.549Z,88,extreme,53,elevated,0.7.6
2026-10-01T07:14:04.458Z,88,extreme,53,elevated,0.7.6
2026-10-01T07:19:03.510Z,88,extreme,53,elevated,0.7.6
2026-10-01T07:24:04.638Z,88,extreme,53,elevated,0.7.6
2026-10-01T07:29:03.829Z,88,extreme,53,elevated,0.7.6
2026-10-01T07:34:03.819Z,88,extreme,53,elevated,0.7.6
2026-10-01T07:39:03.204Z,88,extreme,53,elevated,0.7.6
2026-10-01T07:44:03.809Z,88,extreme,53,elevated,0.7.6
2026-10-01T07:49:03.663Z,88,extreme,53,elevated,0.7.6
2026-10-01T07:54:03.382Z,88,extreme,53,elevated,0.7.6
2026-10-01T07:59:03.735Z,88,extreme,53,elevated,0.7.6
2026-10-01T08:04:04.967Z,88,extreme,53,elevated,0.7.6
2026-10-01T08:09:04.536Z,88,extreme,53,elevated,0.7.6
2026-10-01T08:14:04.940Z,88,extreme,53,elevated,0.7.6
2026-10-01T08:19:03.846Z,88,extreme,53,elevated,0.7.6
2026-10-01T08:24:03.890Z,88,extreme,53,elevated,0.7.6
2026-10-01T08:29:03.112Z,88,extreme,53,elevated,0.7.6
2026-10-01T08:34:04.360Z,88,extreme,53,elevated,0.7.6
2026-10-01T08:39:03.861Z,88,extreme,53,elevated,0.7.6
2026-10-01T08:44:04.629Z,88,extreme,53,elevated,0.7.6
2026-10-01T08:49:03.254Z,88,extreme,53,elevated,0.7.6
2026-10-01T08:54:03.597Z,88,extreme,53,elevated,0.7.6
2026-10-01T08:59:04.063Z,88,extreme,53,elevated,0.7.6
2026-10-01T09:04:10.124Z,88,extreme,53,elevated,0.7.6
2026-10-01T09:09:07.681Z,88,extreme,53,elevated,0.7.6
2026-10-01T09:14:05.276Z,88,extreme,53,elevated,0.7.6
2026-10-01T09:19:12.150Z,88,extreme,53,elevated,0.7.6
2026-10-01T09:24:05.880Z,88,extreme,53,elevated,0.7.6
2026-10-01T09:29:04.982Z,88,extreme,55,elevated,0.7.6
2026-10-01T09:34:05.991Z,88,extreme,55,elevated,0.7.6
2026-10-01T09:39:15.640Z,88,extreme,55,elevated,0.7.6
2026-10-01T09:44:13.200Z,88,extreme,55,elevated,0.7.6
2026-10-01T09:49:10.411Z,88,extreme,55,elevated,0.7.6
2026-10-01T09:54:08.477Z,88,extreme,55,elevated,0.7.6
2026-10-01T09:59:04.258Z,88,extreme,55,elevated,0.7.6
2026-10-01T10:04:03.477Z,88,extreme,55,elevated,0.7.6
2026-10-01T10:09:03.789Z,88,extreme,55,elevated,0.7.6
2026-10-01T10:14:07.816Z,88,extreme,55,elevated,0.7.6
2026-10-01T10:19:08.040Z,88,extreme,55,elevated,0.7.6
2026-10-01T10:24:04.186Z,88,extreme,55,elevated,0.7.6
2026-10-01T10:29:04.026Z,88,extreme,55,elevated,0.7.6
2026-10-01T10:34:03.438Z,88,extreme,55,elevated,0.7.6
2026-10-01T10:39:03.913Z,88,extreme,55,elevated,0.7.6
2026-10-01T10:44:03.916Z,88,extreme,55,elevated,0.7.6
2026-10-01T10:49:03.368Z,88,extreme,55,elevated,0.7.6
2026-10-01T10:54:03.119Z,88,extreme,55,elevated,0.7.6
2026-10-01T10:59:03.830Z,88,extreme,55,elevated,0.7.6
2026-10-01T11:04:10.167Z,88,extreme,55,elevated,0.7.6
2026-10-01T11:09:04.906Z,88,extreme,55,elevated,0.7.6
2026-10-01T11:14:07.748Z,88,extreme,55,elevated,0.7.6
2026-10-01T11:19:04.274Z,88,extreme,55,elevated,0.7.6
2026-10-01T11:24:05.993Z,88,extreme,55,elevated,0.7.6
2026-10-01T11:29:03.470Z,88,extreme,55,elevated,0.7.6
2026-10-01T11:34:03.919Z,88,extreme,55,elevated,0.7.6
2026-10-01T11:39:03.527Z,88,extreme,55,elevated,0.7.6
2026-10-01T11:44:03.997Z,88,extreme,55,elevated,0.7.6
2026-10-01T11:49:06.876Z,88,extreme,55,elevated,0.7.6
2026-10-01T11:54:03.812Z,88,extreme,55,elevated,0.7.6
2026-10-01T11:59:04.048Z,88,extreme,55,elevated,0.7.6
2026-10-01T12:04:11.427Z,88,extreme,55,elevated,0.7.6
2026-10-01T12:09:06.249Z,88,extreme,55,elevated,0.7.6
2026-10-01T12:14:10.796Z,88,extreme,55,elevated,0.7.6
2026-10-01T12:19:07.746Z,88,extreme,55,elevated,0.7.6
2026-10-01T12:24:09.060Z,88,extreme,55,elevated,0.7.6
2026-10-01T12:29:07.707Z,88,extreme,55,elevated,0.7.6
2026-10-01T12:34:06.711Z,88,extreme,54,elevated,0.7.6
2026-10-01T12:39:07.681Z,88,extreme,54,elevated,0.7.6
2026-10-01T12:44:06.448Z,88,extreme,54,elevated,0.7.6
2026-10-01T12:49:08.429Z,88,extreme,54,elevated,0.7.6
2026-10-01T12:54:09.474Z,88,extreme,54,elevated,0.7.6
2026-10-01T12:59:12.564Z,88,extreme,54,elevated,0.7.6
2026-10-01T13:04:04.862Z,88,extreme,54,elevated,0.7.6
2026-10-01T13:09:03.830Z,88,extreme,54,elevated,0.7.6
2026-10-01T13:14:08.157Z,88,extreme,54,elevated,0.7.6
2026-10-01T13:19:07.466Z,88,extreme,54,elevated,0.7.6
2026-10-01T13:24:09.013Z,88,extreme,54,elevated,0.7.6
2026-10-01T13:29:08.125Z,88,extreme,55,elevated,0.7.7
2026-10-01T13:34:07.989Z,88,extreme,55,elevated,0.7.7
2026-10-01T13:39:04.470Z,88,extreme,55,elevated,0.7.7
2026-10-01T13:44:06.658Z,88,extreme,55,elevated,0.7.7
2026-10-01T13:49:04.990Z,88,extreme,55,elevated,0.7.7
2026-10-01T13:54:09.455Z,88,extreme,55,elevated,0.7.7
2026-10-01T13:59:11.923Z,88,extreme,56,elevated,0.7.7
2026-10-01T14:04:04.065Z,88,extreme,56,elevated,0.7.7
2026-10-01T14:09:03.688Z,88,extreme,56,elevated,0.7.7
2026-10-01T14:14:03.440Z,88,extreme,56,elevated,0.7.7
2026-10-01T14:19:04.031Z,88,extreme,56,elevated,0.7.7
2026-10-01T14:24:04.712Z,88,extreme,56,elevated,0.7.7
2026-10-01T14:29:03.154Z,88,extreme,56,elevated,0.7.7
2026-10-01T14:34:03.996Z,88,extreme,56,elevated,0.7.7
2026-10-01T14:39:03.879Z,88,extreme,56,elevated,0.7.7
2026-10-01T14:44:04.612Z,88,extreme,56,elevated,0.7.7
2026-10-01T14:49:03.756Z,88,extreme,56,elevated,0.7.7
2026-10-01T14:54:03.985Z,88,extreme,56,elevated,0.7.7
2026-10-01T14:59:04.743Z,88,extreme,56,elevated,0.7.7
2026-10-01T15:04:06.039Z,88,extreme,56,elevated,0.7.7
2026-10-01T15:09:06.369Z,88,extreme,56,elevated,0.7.7
2026-10-01T15:14:05.241Z,88,extreme,56,elevated,0.7.7
2026-10-01T15:19:10.162Z,88,extreme,56,elevated,0.7.7
2026-10-01T15:24:03.368Z,88,extreme,56,elevated,0.7.7
2026-10-01T15:29:04.204Z,88,extreme,56,elevated,0.7.7
2026-10-01T15:34:08.241Z,88,extreme,56,elevated,0.7.7
2026-10-01T15:39:05.380Z,88,extreme,56,elevated,0.7.7
2026-10-01T15:44:05.630Z,88,extreme,56,elevated,0.7.7
2026-10-01T15:49:03.284Z,88,extreme,56,elevated,0.7.7
2026-10-01T15:54:03.931Z,88,extreme,56,elevated,0.7.7
2026-10-01T15:59:04.868Z,88,extreme,56,elevated,0.7.7
2026-10-01T16:04:10.304Z,88,extreme,56,elevated,0.7.7
2026-10-01T16:09:11.555Z,88,extreme,56,elevated,0.7.7
2026-10-01T16:14:03.803Z,88,extreme,56,elevated,0.7.7
2026-10-01T16:19:07.926Z,88,extreme,56,elevated,0.7.7
2026-10-01T16:24:11.527Z,88,extreme,56,elevated,0.7.7
2026-10-01T16:29:10.619Z,88,extreme,56,elevated,0.7.7
2026-10-01T16:34:03.858Z,88,extreme,56,elevated,0.7.7
2026-10-01T16:39:03.229Z,88,extreme,56,elevated,0.7.7
2026-10-01T16:44:03.286Z,88,extreme,56,elevated,0.7.7
2026-10-01T16:49:03.402Z,88,extreme,56,elevated,0.7.7
2026-10-01T16:54:03.541Z,88,extreme,56,elevated,0.7.7
2026-10-01T16:59:03.996Z,88,extreme,56,elevated,0.7.7
2026-10-01T17:04:03.838Z,88,extreme,56,elevated,0.7.7
2026-10-01T17:09:03.168Z,88,extreme,56,elevated,0.7.7
2026-10-01T17:14:03.979Z,88,extreme,56,elevated,0.7.7
2026-10-01T17:19:04.082Z,88,extreme,56,elevated,0.7.7
2026-10-01T17:24:03.351Z,88,extreme,56,elevated,0.7.7
2026-10-01T17:29:03.899Z,88,extreme,56,elevated,0.7.7
2026-10-01T17:34:03.496Z,88,extreme,56,elevated,0.7.7
2026-10-01T17:39:03.924Z,88,extreme,56,elevated,0.7.7
2026-10-01T17:44:03.852Z,88,extreme,56,elevated,0.7.7
2026-10-01T17:49:04.006Z,88,extreme,56,elevated,0.7.7
2026-10-01T17:54:03.308Z,88,extreme,56,elevated,0.7.7
2026-10-01T17:59:03.550Z,88,extreme,56,elevated,0.7.7
2026-10-01T18:04:05.619Z,88,extreme,56,elevated,0.7.7
2026-10-01T18:09:06.292Z,88,extreme,56,elevated,0.7.7
2026-10-01T18:14:07.006Z,88,extreme,56,elevated,0.7.7
2026-10-01T18:19:06.253Z,88,extreme,56,elevated,0.7.7
2026-10-01T18:24:06.951Z,88,extreme,56,elevated,0.7.7
2026-10-01T18:29:09.607Z,88,extreme,56,elevated,0.7.7
2026-10-01T18:34:10.796Z,88,extreme,56,elevated,0.7.7
2026-10-01T18:39:10.529Z,88,extreme,56,elevated,0.7.7
2026-10-01T18:44:10.844Z,88,extreme,56,elevated,0.7.7
2026-10-01T18:49:08.923Z,88,extreme,56,elevated,0.7.7
2026-10-01T18:54:08.954Z,88,extreme,56,elevated,0.7.7
2026-10-01T18:59:04.451Z,88,extreme,56,elevated,0.7.7
2026-10-01T19:04:12.159Z,88,extreme,56,elevated,0.7.7
2026-10-01T19:09:05.592Z,88,extreme,56,elevated,0.7.7
2026-10-01T19:14:04.312Z,88,extreme,56,elevated,0.7.7
2026-10-01T19:19:07.516Z,88,extreme,56,elevated,0.7.7
2026-10-01T19:24:06.924Z,88,extreme,56,elevated,0.7.7
2026-10-01T19:29:08.269Z,88,extreme,56,elevated,0.7.7
2026-10-01T19:34:04.819Z,88,extreme,56,elevated,0.7.7
2026-10-01T19:39:07.771Z,88,extreme,56,elevated,0.7.7
2026-10-01T19:44:05.487Z,88,extreme,56,elevated,0.7.7
2026-10-01T19:49:04.812Z,88,extreme,56,elevated,0.7.7
2026-10-01T19:54:03.871Z,88,extreme,56,elevated,0.7.7
2026-10-01T19:59:06.633Z,88,extreme,56,elevated,0.7.7
2026-10-01T20:04:04.189Z,88,extreme,56,elevated,0.7.7
2026-10-01T20:09:03.932Z,88,extreme,56,elevated,0.7.7
2026-10-01T20:14:03.796Z,88,extreme,56,elevated,0.7.7
2026-10-01T20:19:04.406Z,88,extreme,56,elevated,0.7.7
2026-10-01T20:24:03.948Z,88,extreme,56,elevated,0.7.7
2026-10-01T20:29:03.661Z,88,extreme,56,elevated,0.7.7
2026-10-01T20:34:04.214Z,88,extreme,56,elevated,0.7.7
2026-10-01T20:39:06.046Z,88,extreme,56,elevated,0.7.7
2026-10-01T20:44:04.015Z,88,extreme,56,elevated,0.7.7
2026-10-01T20:49:04.117Z,88,extreme,56,elevated,0.7.7
2026-10-01T20:54:04.141Z,88,extreme,56,elevated,0.7.7
2026-10-01T20:59:04.059Z,88,extreme,56,elevated,0.7.7
2026-10-01T21:04:04.885Z,88,extreme,56,elevated,0.7.7
2026-10-01T21:09:05.068Z,88,extreme,56,elevated,0.7.7
2026-10-01T21:14:07.890Z,88,extreme,56,elevated,0.7.7
2026-10-01T21:19:04.334Z,88,extreme,56,elevated,0.7.7
2026-10-01T21:24:06.997Z,88,extreme,56,elevated,0.7.7
2026-10-01T21:29:05.173Z,88,extreme,56,elevated,0.7.7
2026-10-01T21:34:04.719Z,88,extreme,56,elevated,0.7.7
2026-10-01T21:39:03.894Z,88,extreme,56,elevated,0.7.7
2026-10-01T21:44:03.714Z,88,extreme,56,elevated,0.7.7
2026-10-01T21:49:03.620Z,88,extreme,56,elevated,0.7.7
2026-10-01T21:54:03.771Z,88,extreme,56,elevated,0.7.7
2026-10-01T21:59:06.329Z,88,extreme,56,elevated,0.7.7
2026-10-01T22:04:07.334Z,88,extreme,56,elevated,0.7.7
2026-10-01T22:09:04.409Z,88,extreme,56,elevated,0.7.7
2026-10-01T22:14:07.231Z,88,extreme,56,elevated,0.7.7
2026-10-01T22:19:09.382Z,88,extreme,56,elevated,0.7.7
2026-10-01T22:24:11.065Z,88,extreme,56,elevated,0.7.7
2026-10-01T22:29:05.195Z,88,extreme,56,elevated,0.7.7
2026-10-01T22:34:03.967Z,88,extreme,56,elevated,0.7.7
2026-10-01T22:39:08.047Z,88,extreme,56,elevated,0.7.7
2026-10-01T22:44:09.218Z,88,extreme,56,elevated,0.7.7
2026-10-01T22:49:04.134Z,88,extreme,56,elevated,0.7.7
2026-10-01T22:54:06.107Z,88,extreme,56,elevated,0.7.7
2026-10-01T22:59:14.272Z,88,extreme,56,elevated,0.7.7
2026-10-01T23:04:06.072Z,88,extreme,56,elevated,0.7.7
2026-10-01T23:09:08.478Z,88,extreme,56,elevated,0.7.7
2026-10-01T23:14:03.333Z,88,extreme,56,elevated,0.7.7
2026-10-01T23:19:06.244Z,88,extreme,56,elevated,0.7.7
2026-10-01T23:24:04.363Z,88,extreme,56,elevated,0.7.7
2026-10-01T23:29:03.924Z,88,extreme,56,elevated,0.7.7
2026-10-01T23:34:04.231Z,88,extreme,56,elevated,0.7.7
2026-10-01T23:39:04.721Z,88,extreme,56,elevated,0.7.7
2026-10-01T23:44:04.590Z,88,extreme,56,elevated,0.7.7
2026-10-01T23:49:10.732Z,88,extreme,56,elevated,0.7.7
2026-10-01T23:54:04.118Z,88,extreme,56,elevated,0.7.7
2026-10-01T23:59:03.796Z,88,extreme,56,elevated,0.7.7
2026-10-02T00:04:05.758Z,88,extreme,56,elevated,0.7.7
2026-10-02T00:09:11.122Z,88,extreme,56,elevated,0.7.7
2026-10-02T00:14:08.313Z,88,extreme,56,elevated,0.7.7
2026-10-02T00:19:08.232Z,88,extreme,56,elevated,0.7.7
2026-10-02T00:24:05.931Z,88,extreme,56,elevated,0.7.7
2026-10-02T00:29:06.672Z,88,extreme,56,elevated,0.7.7
2026-10-02T00:34:04.467Z,88,extreme,56,elevated,0.7.7
2026-10-02T00:39:09.345Z,88,extreme,56,elevated,0.7.7
2026-10-02T00:44:07.488Z,88,extreme,56,elevated,0.7.7
2026-10-02T00:49:04.378Z,88,extreme,56,elevated,0.7.7
2026-10-02T00:54:04.771Z,88,extreme,56,elevated,0.7.7
2026-10-02T00:59:06.924Z,88,extreme,56,elevated,0.7.7
2026-10-02T01:04:14.091Z,88,extreme,56,elevated,0.7.7
2026-10-02T01:09:09.535Z,88,extreme,56,elevated,0.7.7
2026-10-02T01:14:12.649Z,88,extreme,56,elevated,0.7.7
2026-10-02T01:19:09.317Z,88,extreme,56,elevated,0.7.7
2026-10-02T01:24:04.563Z,88,extreme,56,elevated,0.7.7
2026-10-02T01:29:03.507Z,88,extreme,56,elevated,0.7.7
2026-10-02T01:34:03.266Z,88,extreme,56,elevated,0.7.7
2026-10-02T01:39:03.190Z,88,extreme,56,elevated,0.7.7
2026-10-02T01:44:03.890Z,88,extreme,56,elevated,0.7.7
2026-10-02T01:49:03.975Z,88,extreme,56,elevated,0.7.7
2026-10-02T01:54:03.200Z,88,extreme,56,elevated,0.7.7
2026-10-02T01:59:04.186Z,88,extreme,56,elevated,0.7.7
2026-10-02T02:04:08.342Z,88,extreme,56,elevated,0.7.7
2026-10-02T02:09:03.931Z,88,extreme,56,elevated,0.7.7
2026-10-02T02:14:07.790Z,88,extreme,56,elevated,0.7.7
2026-10-02T02:19:04.261Z,88,extreme,56,elevated,0.7.7
2026-10-02T02:24:09.616Z,88,extreme,56,elevated,0.7.7
2026-10-02T02:29:06.536Z,88,extreme,56,elevated,0.7.7
2026-10-02T02:34:04.197Z,88,extreme,56,elevated,0.7.7
2026-10-02T02:39:08.152Z,88,extreme,56,elevated,0.7.7
2026-10-02T02:44:04.930Z,88,extreme,56,elevated,0.7.7
2026-10-02T02:49:05.782Z,88,extreme,56,elevated,0.7.7
2026-10-02T02:54:11.445Z,88,extreme,56,elevated,0.7.7
2026-10-02T02:59:07.413Z,88,extreme,56,elevated,0.7.7
2026-10-02T03:04:15.631Z,88,extreme,56,elevated,0.7.7
2026-10-02T03:09:05.603Z,88,extreme,56,elevated,0.7.7
2026-10-02T03:14:06.418Z,88,extreme,56,elevated,0.7.7
2026-10-02T03:19:07.341Z,88,extreme,56,elevated,0.7.7
2026-10-02T03:24:03.794Z,88,extreme,56,elevated,0.7.7
2026-10-02T03:29:03.183Z,88,extreme,56,elevated,0.7.7
2026-10-02T03:34:03.750Z,88,extreme,56,elevated,0.7.7
2026-10-02T03:39:03.995Z,88,extreme,56,elevated,0.7.7
2026-10-02T03:44:03.381Z,88,extreme,56,elevated,0.7.7
2026-10-02T03:49:03.703Z,88,extreme,56,elevated,0.7.7
2026-10-02T03:54:03.231Z,88,extreme,56,elevated,0.7.7
2026-10-02T03:59:04.027Z,88,extreme,56,elevated,0.7.7
2026-10-02T04:04:05.646Z,88,extreme,56,elevated,0.7.7
2026-10-02T04:09:04.054Z,88,extreme,56,elevated,0.7.7
2026-10-02T04:14:15.868Z,88,extreme,56,elevated,0.7.7
2026-10-02T04:19:07.188Z,88,extreme,56,elevated,0.7.7
2026-10-02T04:24:06.118Z,88,extreme,56,elevated,0.7.7
2026-10-02T04:29:06.042Z,88,extreme,56,elevated,0.7.7
2026-10-02T04:34:04.900Z,88,extreme,56,elevated,0.7.7
2026-10-02T04:39:07.868Z,88,extreme,56,elevated,0.7.7
2026-10-02T04:44:05.989Z,88,extreme,56,elevated,0.7.7
2026-10-02T04:49:07.275Z,88,extreme,56,elevated,0.7.7
2026-10-02T04:54:03.887Z,88,extreme,56,elevated,0.7.7
2026-10-02T04:59:03.755Z,88,extreme,56,elevated,0.7.7
2026-10-02T05:04:03.399Z,88,extreme,56,elevated,0.7.7
2026-10-02T05:09:03.489Z,88,extreme,56,elevated,0.7.7
2026-10-02T05:14:04.222Z,88,extreme,56,elevated,0.7.7
2026-10-02T05:19:03.097Z,88,extreme,56,elevated,0.7.7
2026-10-02T05:24:08.755Z,88,extreme,56,elevated,0.7.7
2026-10-02T05:29:04.674Z,88,extreme,56,elevated,0.7.7
2026-10-02T05:34:03.345Z,88,extreme,56,elevated,0.7.7
2026-10-02T05:39:09.483Z,88,extreme,56,elevated,0.7.7
2026-10-02T05:44:06.036Z,88,extreme,56,elevated,0.7.7
2026-10-02T05:49:09.669Z,88,extreme,56,elevated,0.7.7
2026-10-02T05:54:03.185Z,88,extreme,56,elevated,0.7.7
2026-10-02T05:59:07.951Z,88,extreme,56,elevated,0.7.7
2026-10-02T06:04:04.183Z,88,extreme,56,elevated,0.7.7
2026-10-02T06:09:03.321Z,88,extreme,56,elevated,0.7.7
2026-10-02T06:14:03.888Z,88,extreme,56,elevated,0.7.7
2026-10-02T06:19:03.231Z,88,extreme,56,elevated,0.7.7
2026-10-02T06:24:03.219Z,88,extreme,56,elevated,0.7.7
2026-10-02T06:29:03.937Z,88,extreme,56,elevated,0.7.7
2026-10-02T06:34:03.665Z,88,extreme,56,elevated,0.7.7
2026-10-02T06:39:08.920Z,88,extreme,56,elevated,0.7.7
2026-10-02T06:44:04.526Z,88,extreme,56,elevated,0.7.7
2026-10-02T06:49:04.289Z,88,extreme,56,elevated,0.7.7
2026-10-02T06:54:03.888Z,88,extreme,56,elevated,0.7.7
2026-10-02T06:59:03.297Z,88,extreme,56,elevated,0.7.7
2026-10-02T07:04:03.830Z,88,extreme,56,elevated,0.7.7
2026-10-02T07:09:05.294Z,88,extreme,56,elevated,0.7.7
2026-10-02T07:14:03.928Z,88,extreme,56,elevated,0.7.7
2026-10-02T07:19:07.913Z,88,extreme,56,elevated,0.7.7
2026-10-02T07:24:05.466Z,88,extreme,56,elevated,0.7.7
2026-10-02T07:29:04.643Z,88,extreme,56,elevated,0.7.7
2026-10-02T07:34:04.900Z,88,extreme,56,elevated,0.7.7
2026-10-02T07:39:04.223Z,88,extreme,56,elevated,0.7.7
2026-10-02T07:44:05.502Z,88,extreme,56,elevated,0.7.7
2026-10-02T07:49:09.710Z,88,extreme,56,elevated,0.7.7
2026-10-02T07:54:03.797Z,88,extreme,56,elevated,0.7.7
2026-10-02T07:59:07.554Z,88,extreme,56,elevated,0.7.7
2026-10-02T08:04:09.643Z,88,extreme,56,elevated,0.7.7
2026-10-02T08:09:06.401Z,88,extreme,56,elevated,0.7.7
2026-10-02T08:14:06.502Z,88,extreme,56,elevated,0.7.7
2026-10-02T08:19:06.344Z,88,extreme,56,elevated,0.7.7
2026-10-02T08:24:12.239Z,88,extreme,56,elevated,0.7.7
2026-10-02T08:29:03.980Z,88,extreme,56,elevated,0.7.7
2026-10-02T08:34:14.628Z,88,extreme,56,elevated,0.7.7
2026-10-02T08:39:03.914Z,88,extreme,56,elevated,0.7.7
2026-10-02T08:44:09.364Z,88,extreme,56,elevated,0.7.7
2026-10-02T08:49:07.918Z,88,extreme,56,elevated,0.7.7
2026-10-02T08:54:09.571Z,88,extreme,56,elevated,0.7.7
2026-10-02T08:59:04.368Z,88,extreme,56,elevated,0.7.7
2026-10-02T09:04:08.357Z,88,extreme,56,elevated,0.7.7
2026-10-02T09:09:04.825Z,88,extreme,56,elevated,0.7.7
2026-10-02T09:14:07.088Z,88,extreme,56,elevated,0.7.7
2026-10-02T09:19:04.995Z,88,extreme,56,elevated,0.7.7
2026-10-02T09:24:03.987Z,88,extreme,56,elevated,0.7.7
2026-10-02T09:29:03.835Z,88,extreme,56,elevated,0.7.7
2026-10-02T09:34:03.877Z,88,extreme,56,elevated,0.7.7
2026-10-02T09:39:03.191Z,88,extreme,56,elevated,0.7.7
2026-10-02T09:44:04.025Z,88,extreme,56,elevated,0.7.7
2026-10-02T09:49:03.708Z,88,extreme,56,elevated,0.7.7
2026-10-02T09:54:07.034Z,88,extreme,56,elevated,0.7.7
2026-10-02T09:59:03.320Z,88,extreme,56,elevated,0.7.7
2026-10-02T10:04:03.428Z,88,extreme,56,elevated,0.7.7
2026-10-02T10:09:06.091Z,88,extreme,56,elevated,0.7.7
2026-10-02T10:14:07.444Z,88,extreme,56,elevated,0.7.7
2026-10-02T10:19:11.353Z,88,extreme,56,elevated,0.7.7
2026-10-02T10:24:03.179Z,88,extreme,56,elevated,0.7.7
2026-10-02T10:29:03.885Z,88,extreme,56,elevated,0.7.7
2026-10-02T10:34:03.851Z,88,extreme,56,elevated,0.7.7
2026-10-02T10:39:03.128Z,88,extreme,56,elevated,0.7.7
2026-10-02T10:44:03.206Z,88,extreme,56,elevated,0.7.7
2026-10-02T10:49:03.789Z,88,extreme,56,elevated,0.7.7
2026-10-02T10:54:03.361Z,88,extreme,56,elevated,0.7.7
2026-10-02T10:59:04.906Z,88,extreme,56,elevated,0.7.7
2026-10-02T11:04:07.300Z,88,extreme,56,elevated,0.7.7
2026-10-02T11:09:06.251Z,88,extreme,56,elevated,0.7.7
2026-10-02T11:14:10.761Z,88,extreme,56,elevated,0.7.7
2026-10-02T11:19:03.949Z,88,extreme,56,elevated,0.7.7
2026-10-02T11:24:03.712Z,88,extreme,56,elevated,0.7.7
2026-10-02T11:29:03.924Z,88,extreme,57,elevated,0.7.7
2026-10-02T11:34:08.113Z,88,extreme,57,elevated,0.7.7
2026-10-02T11:39:13.254Z,88,extreme,57,elevated,0.7.7
2026-10-02T11:44:07.772Z,88,extreme,57,elevated,0.7.7
2026-10-02T11:49:05.321Z,88,extreme,57,elevated,0.7.7
2026-10-02T11:54:10.048Z,88,extreme,57,elevated,0.7.7
2026-10-02T12:04:06.777Z,88,extreme,57,elevated,0.7.7
2026-10-02T12:09:09.350Z,88,extreme,57,elevated,0.7.7
2026-10-02T12:14:04.858Z,88,extreme,57,elevated,0.7.7
2026-10-02T12:19:06.096Z,88,extreme,57,elevated,0.7.7
2026-10-02T12:24:04.160Z,88,extreme,57,elevated,0.7.7
2026-10-02T12:29:03.815Z,88,extreme,57,elevated,0.7.7
2026-10-02T12:34:05.955Z,88,extreme,57,elevated,0.7.7
2026-10-02T12:39:04.984Z,88,extreme,57,elevated,0.7.7
2026-10-02T12:44:05.306Z,88,extreme,57,elevated,0.7.7
2026-10-02T12:49:09.861Z,88,extreme,57,elevated,0.7.7
2026-10-02T12:54:04.616Z,88,extreme,57,elevated,0.7.7
2026-10-02T12:59:03.449Z,88,extreme,57,elevated,0.7.7
2026-10-02T13:04:03.915Z,88,extreme,57,elevated,0.7.7
2026-10-02T13:09:04.288Z,88,extreme,57,elevated,0.7.7
2026-10-02T13:14:04.217Z,88,extreme,57,elevated,0.7.7
2026-10-02T13:19:03.301Z,88,extreme,57,elevated,0.7.7
2026-10-02T13:24:04.707Z,88,extreme,57,elevated,0.7.7
2026-10-02T13:29:04.345Z,88,extreme,57,elevated,0.7.7
2026-10-02T13:34:03.387Z,88,extreme,57,elevated,0.7.7
2026-10-02T13:39:03.447Z,88,extreme,57,elevated,0.7.7
2026-10-02T13:44:03.353Z,88,extreme,57,elevated,0.7.7
2026-10-02T13:49:03.635Z,88,extreme,57,elevated,0.7.7
2026-10-02T13:54:03.721Z,88,extreme,57,elevated,0.7.7
2026-10-02T13:59:03.854Z,88,extreme,57,elevated,0.7.7
2026-10-02T14:04:10.418Z,88,extreme,57,elevated,0.7.7
2026-10-02T14:09:04.742Z,88,extreme,57,elevated,0.7.7
2026-10-02T14:14:04.916Z,88,extreme,57,elevated,0.7.7
2026-10-02T14:19:04.430Z,88,extreme,57,elevated,0.7.7
2026-10-02T14:24:06.558Z,88,extreme,57,elevated,0.7.7
2026-10-02T14:29:07.966Z,88,extreme,57,elevated,0.7.7
2026-10-02T14:34:04.933Z,88,extreme,57,elevated,0.7.7
2026-10-02T14:39:09.019Z,88,extreme,57,elevated,0.7.7
2026-10-02T14:44:04.248Z,88,extreme,57,elevated,0.7.7
2026-10-02T14:49:05.502Z,88,extreme,57,elevated,0.7.7
2026-10-02T14:54:08.335Z,88,extreme,57,elevated,0.7.7
2026-10-02T14:59:05.504Z,88,extreme,57,elevated,0.7.7
2026-10-02T15:04:04.300Z,88,extreme,57,elevated,0.7.7
2026-10-02T15:09:04.221Z,88,extreme,57,elevated,0.7.7
2026-10-02T15:14:04.098Z,88,extreme,57,elevated,0.7.7
2026-10-02T15:19:04.331Z,88,extreme,57,elevated,0.7.7
2026-10-02T15:24:04.098Z,88,extreme,57,elevated,0.7.7
2026-10-02T15:29:04.122Z,88,extreme,57,elevated,0.7.7
2026-10-02T15:34:03.333Z,88,extreme,57,elevated,0.7.7
2026-10-02T15:39:03.284Z,88,extreme,57,elevated,0.7.7
2026-10-02T15:44:03.214Z,88,extreme,57,elevated,0.7.7
2026-10-02T15:49:03.132Z,88,extreme,57,elevated,0.7.7
2026-10-02T15:54:03.327Z,88,extreme,57,elevated,0.7.7
2026-10-02T15:59:03.996Z,88,extreme,57,elevated,0.7.7
2026-10-02T16:09:12.728Z,88,extreme,57,elevated,0.7.7
2026-10-02T16:14:07.717Z,88,extreme,57,elevated,0.7.7
2026-10-02T16:19:09.387Z,88,extreme,57,elevated,0.7.7
2026-10-02T16:24:16.680Z,88,extreme,57,elevated,0.7.7
2026-10-02T16:29:09.812Z,88,extreme,57,elevated,0.7.7
2026-10-02T16:34:14.830Z,88,extreme,57,elevated,0.7.7
2026-10-02T16:39:05.691Z,88,extreme,57,elevated,0.7.7
2026-10-02T16:44:13.240Z,88,extreme,57,elevated,0.7.7
2026-10-02T16:49:09.563Z,88,extreme,57,elevated,0.7.7
2026-10-02T16:54:05.436Z,88,extreme,57,elevated,0.7.7
2026-10-02T16:59:03.466Z,88,extreme,57,elevated,0.7.7
2026-10-02T17:04:05.299Z,88,extreme,57,elevated,0.7.7
2026-10-02T17:09:15.090Z,88,extreme,57,elevated,0.7.7
2026-10-02T17:14:04.050Z,88,extreme,57,elevated,0.7.7
2026-10-02T17:19:03.337Z,88,extreme,57,elevated,0.7.7
2026-10-02T17:24:03.295Z,88,extreme,57,elevated,0.7.7
2026-10-02T17:29:03.430Z,88,extreme,57,elevated,0.7.7
2026-10-02T17:34:03.320Z,88,extreme,57,elevated,0.7.7
2026-10-02T17:39:03.345Z,88,extreme,57,elevated,0.7.7
2026-10-02T17:44:03.315Z,88,extreme,57,elevated,0.7.7
2026-10-02T17:49:04.041Z,88,extreme,57,elevated,0.7.7
2026-10-02T17:54:03.320Z,88,extreme,57,elevated,0.7.7
2026-10-02T17:59:03.329Z,88,extreme,57,elevated,0.7.7
2026-10-02T18:04:04.748Z,88,extreme,57,elevated,0.7.7
2026-10-02T18:09:06.185Z,88,extreme,57,elevated,0.7.7
2026-10-02T18:14:06.931Z,88,extreme,57,elevated,0.7.7
2026-10-02T18:19:06.807Z,88,extreme,57,elevated,0.7.7
2026-10-02T18:24:08.153Z,88,extreme,57,elevated,0.7.7
2026-10-02T18:29:04.938Z,88,extreme,57,elevated,0.7.7
2026-10-02T18:34:06.281Z,88,extreme,58,elevated,0.7.7
2026-10-02T18:39:09.016Z,88,extreme,58,elevated,0.7.7
2026-10-02T18:44:06.826Z,88,extreme,58,elevated,0.7.7
2026-10-02T18:49:14.592Z,88,extreme,58,elevated,0.7.7
2026-10-02T18:54:12.665Z,88,extreme,58,elevated,0.7.7
2026-10-02T18:59:04.003Z,88,extreme,58,elevated,0.7.7
2026-10-02T19:04:04.911Z,88,extreme,58,elevated,0.7.7
2026-10-02T19:09:12.264Z,88,extreme,58,elevated,0.7.7
2026-10-02T19:14:04.208Z,88,extreme,58,elevated,0.7.7
2026-10-02T19:19:10.203Z,88,extreme,58,elevated,0.7.7
2026-10-02T19:24:05.126Z,88,extreme,58,elevated,0.7.7
2026-10-02T19:29:03.874Z,88,extreme,58,elevated,0.7.7
2026-10-02T19:34:03.983Z,88,extreme,58,elevated,0.7.7
2026-10-02T19:39:03.696Z,88,extreme,58,elevated,0.7.7
2026-10-02T19:44:03.446Z,88,extreme,58,elevated,0.7.7
2026-10-02T19:49:03.228Z,88,extreme,58,elevated,0.7.7
2026-10-02T19:54:03.322Z,88,extreme,58,elevated,0.7.7
2026-10-02T19:59:03.197Z,88,extreme,58,elevated,0.7.7
2026-10-02T20:04:07.192Z,88,extreme,58,elevated,0.7.7
2026-10-02T20:09:08.417Z,88,extreme,58,elevated,0.7.7
2026-10-02T20:14:07.950Z,88,extreme,58,elevated,0.7.7
2026-10-02T20:19:06.451Z,88,extreme,58,elevated,0.7.7
2026-10-02T20:24:06.026Z,88,extreme,58,elevated,0.7.7
2026-10-02T20:29:06.129Z,88,extreme,58,elevated,0.7.7
2026-10-02T20:34:04.525Z,88,extreme,58,elevated,0.7.7
2026-10-02T20:39:09.665Z,88,extreme,58,elevated,0.7.7
2026-10-02T20:44:07.577Z,88,extreme,58,elevated,0.7.7
2026-10-02T20:49:05.304Z,88,extreme,58,elevated,0.7.7
2026-10-02T20:54:04.934Z,88,extreme,58,elevated,0.7.7
2026-10-02T20:59:04.599Z,88,extreme,58,elevated,0.7.7
2026-10-02T21:04:06.213Z,88,extreme,58,elevated,0.7.7
2026-10-02T21:09:03.999Z,88,extreme,58,elevated,0.7.7
2026-10-02T21:14:03.278Z,88,extreme,58,elevated,0.7.7
2026-10-02T21:19:03.579Z,88,extreme,58,elevated,0.7.7
2026-10-02T21:24:03.306Z,88,extreme,58,elevated,0.7.7
2026-10-02T21:29:03.428Z,88,extreme,58,elevated,0.7.7
2026-10-02T21:34:03.248Z,88,extreme,58,elevated,0.7.7
2026-10-02T21:39:03.379Z,88,extreme,58,elevated,0.7.7
2026-10-02T21:44:03.442Z,88,extreme,58,elevated,0.7.7
2026-10-02T21:49:03.358Z,88,extreme,58,elevated,0.7.7
2026-10-02T21:54:03.315Z,88,extreme,58,elevated,0.7.7
2026-10-02T21:59:03.355Z,88,extreme,58,elevated,0.7.7
2026-10-02T22:04:04.790Z,88,extreme,58,elevated,0.7.7
2026-10-02T22:09:03.844Z,88,extreme,58,elevated,0.7.7
2026-10-02T22:14:03.958Z,88,extreme,58,elevated,0.7.7
2026-10-02T22:19:03.546Z,88,extreme,58,elevated,0.7.7
2026-10-02T22:24:03.214Z,88,extreme,58,elevated,0.7.7
2026-10-02T22:29:03.528Z,88,extreme,58,elevated,0.7.7
2026-10-02T22:34:04.614Z,88,extreme,58,elevated,0.7.7
2026-10-02T22:39:04.374Z,88,extreme,58,elevated,0.7.7
2026-10-02T22:44:04.051Z,88,extreme,58,elevated,0.7.7
2026-10-02T22:49:03.432Z,88,extreme,58,elevated,0.7.7
2026-10-02T22:54:03.267Z,88,extreme,58,elevated,0.7.7
2026-10-02T22:59:03.354Z,88,extreme,58,elevated,0.7.7
2026-10-02T23:04:06.610Z,88,extreme,58,elevated,0.7.7
2026-10-02T23:09:11.012Z,88,extreme,58,elevated,0.7.7
2026-10-02T23:14:05.084Z,88,extreme,58,elevated,0.7.7
2026-10-02T23:19:03.864Z,88,extreme,58,elevated,0.7.7
2026-10-02T23:24:06.325Z,88,extreme,58,elevated,0.7.7
2026-10-02T23:29:03.989Z,88,extreme,58,elevated,0.7.7
2026-10-02T23:34:03.787Z,88,extreme,58,elevated,0.7.7
2026-10-02T23:39:03.858Z,88,extreme,58,elevated,0.7.7
2026-10-02T23:44:03.334Z,88,extreme,58,elevated,0.7.7
2026-10-02T23:49:03.763Z,88,extreme,58,elevated,0.7.7
2026-10-02T23:54:03.181Z,88,extreme,58,elevated,0.7.7
2026-10-02T23:59:03.533Z,88,extreme,58,elevated,0.7.7
2026-10-03T00:04:07.917Z,88,extreme,58,elevated,0.7.7
2026-10-03T00:09:03.363Z,88,extreme,58,elevated,0.7.7
2026-10-03T00:14:05.375Z,88,extreme,58,elevated,0.7.7
2026-10-03T00:19:10.015Z,88,extreme,58,elevated,0.7.7
2026-10-03T00:24:07.805Z,88,extreme,58,elevated,0.7.7
2026-10-03T00:29:04.381Z,88,extreme,58,elevated,0.7.7
2026-10-03T00:34:09.058Z,88,extreme,58,elevated,0.7.7
2026-10-03T00:39:08.912Z,88,extreme,58,elevated,0.7.7
2026-10-03T00:44:07.375Z,88,extreme,58,elevated,0.7.7
2026-10-03T00:49:05.703Z,88,extreme,58,elevated,0.7.7
2026-10-03T00:54:03.293Z,88,extreme,58,elevated,0.7.7
2026-10-03T00:59:04.136Z,88,extreme,58,elevated,0.7.7
2026-10-03T01:04:03.481Z,88,extreme,58,elevated,0.7.7
2026-10-03T01:09:03.297Z,88,extreme,58,elevated,0.7.7
2026-10-03T01:14:03.986Z,88,extreme,58,elevated,0.7.7
2026-10-03T01:19:03.671Z,88,extreme,58,elevated,0.7.7
2026-10-03T01:24:03.712Z,88,extreme,58,elevated,0.7.7
2026-10-03T01:29:03.335Z,88,extreme,58,elevated,0.7.7
2026-10-03T01:34:03.307Z,88,extreme,58,elevated,0.7.7
2026-10-03T01:39:07.926Z,88,extreme,58,elevated,0.7.7
2026-10-03T01:44:04.145Z,88,extreme,58,elevated,0.7.7
2026-10-03T01:49:05.698Z,88,extreme,58,elevated,0.7.7
2026-10-03T01:54:04.803Z,88,extreme,58,elevated,0.7.7
2026-10-03T01:59:07.273Z,88,extreme,58,elevated,0.7.7
2026-10-03T02:04:04.950Z,88,extreme,58,elevated,0.7.7
2026-10-03T02:09:04.889Z,88,extreme,58,elevated,0.7.7
2026-10-03T02:14:03.352Z,88,extreme,58,elevated,0.7.7
2026-10-03T02:19:04.909Z,88,extreme,58,elevated,0.7.7
2026-10-03T02:24:04.107Z,88,extreme,58,elevated,0.7.7
2026-10-03T02:29:03.737Z,88,extreme,58,elevated,0.7.7
2026-10-03T02:34:03.199Z,88,extreme,58,elevated,0.7.7
2026-10-03T02:39:03.580Z,88,extreme,58,elevated,0.7.7
2026-10-03T02:44:08.096Z,88,extreme,58,elevated,0.7.7
2026-10-03T02:49:04.258Z,88,extreme,58,elevated,0.7.7
2026-10-03T02:54:03.453Z,88,extreme,58,elevated,0.7.7
2026-10-03T02:59:10.363Z,88,extreme,58,elevated,0.7.7
2026-10-03T03:04:03.229Z,88,extreme,58,elevated,0.7.7
2026-10-03T03:09:03.965Z,88,extreme,58,elevated,0.7.7
2026-10-03T03:14:03.909Z,88,extreme,58,elevated,0.7.7
2026-10-03T03:19:03.811Z,88,extreme,58,elevated,0.7.7
2026-10-03T03:24:03.884Z,88,extreme,58,elevated,0.7.7
2026-10-03T03:29:04.059Z,88,extreme,58,elevated,0.7.7
2026-10-03T03:34:03.820Z,88,extreme,58,elevated,0.7.7
2026-10-03T03:39:04.870Z,88,extreme,58,elevated,0.7.7
2026-10-03T03:44:04.941Z,88,extreme,58,elevated,0.7.7
2026-10-03T03:49:18.295Z,88,extreme,58,elevated,0.7.7
2026-10-03T03:54:06.089Z,88,extreme,58,elevated,0.7.7
2026-10-03T03:59:03.282Z,88,extreme,58,elevated,0.7.7
2026-10-03T04:04:03.467Z,88,extreme,58,elevated,0.7.7
2026-10-03T04:09:04.060Z,88,extreme,58,elevated,0.7.7
2026-10-03T04:14:04.190Z,88,extreme,58,elevated,0.7.7
2026-10-03T04:19:03.837Z,88,extreme,58,elevated,0.7.7
2026-10-03T04:24:03.262Z,88,extreme,58,elevated,0.7.7
2026-10-03T04:29:03.251Z,88,extreme,58,elevated,0.7.7
2026-10-03T04:34:03.872Z,88,extreme,58,elevated,0.7.7
2026-10-03T04:39:03.328Z,88,extreme,58,elevated,0.7.7
2026-10-03T04:44:03.861Z,88,extreme,58,elevated,0.7.7
2026-10-03T04:49:03.887Z,88,extreme,58,elevated,0.7.7
2026-10-03T04:54:03.665Z,88,extreme,58,elevated,0.7.7
2026-10-03T04:59:03.373Z,88,extreme,58,elevated,0.7.7
2026-10-03T05:04:04.396Z,88,extreme,58,elevated,0.7.7
2026-10-03T05:09:09.174Z,88,extreme,58,elevated,0.7.7
2026-10-03T05:14:04.003Z,88,extreme,58,elevated,0.7.7
2026-10-03T05:19:08.450Z,88,extreme,58,elevated,0.7.7
2026-10-03T05:24:03.307Z,88,extreme,58,elevated,0.7.7
2026-10-03T05:29:09.467Z,88,extreme,58,elevated,0.7.7
2026-10-03T05:34:05.372Z,88,extreme,58,elevated,0.7.7
2026-10-03T05:39:05.820Z,88,extreme,58,elevated,0.7.7
2026-10-03T05:44:08.336Z,88,extreme,58,elevated,0.7.7
2026-10-03T05:49:03.225Z,88,extreme,58,elevated,0.7.7
2026-10-03T05:54:03.931Z,88,extreme,58,elevated,0.7.7
2026-10-03T05:59:03.286Z,88,extreme,58,elevated,0.7.7
2026-10-03T06:04:04.227Z,88,extreme,58,elevated,0.7.7
2026-10-03T06:09:05.541Z,88,extreme,58,elevated,0.7.7
2026-10-03T06:14:05.636Z,88,extreme,58,elevated,0.7.7
2026-10-03T06:19:11.479Z,88,extreme,58,elevated,0.7.7
2026-10-03T06:24:03.381Z,88,extreme,58,elevated,0.7.7
2026-10-03T06:29:05.558Z,88,extreme,58,elevated,0.7.7
2026-10-03T06:34:03.512Z,88,extreme,58,elevated,0.7.7
2026-10-03T06:39:03.777Z,88,extreme,58,elevated,0.7.7
2026-10-03T06:44:03.892Z,88,extreme,58,elevated,0.7.7
2026-10-03T06:49:06.029Z,88,extreme,58,elevated,0.7.7
2026-10-03T06:54:03.164Z,88,extreme,58,elevated,0.7.7
2026-10-03T06:59:06.964Z,88,extreme,58,elevated,0.7.7
2026-10-03T07:04:04.701Z,88,extreme,58,elevated,0.7.7
2026-10-03T07:09:03.477Z,88,extreme,58,elevated,0.7.7
2026-10-03T07:14:03.920Z,88,extreme,58,elevated,0.7.7
2026-10-03T07:19:03.165Z,88,extreme,58,elevated,0.7.7
2026-10-03T07:24:03.455Z,88,extreme,58,elevated,0.7.7
2026-10-03T07:29:04.022Z,88,extreme,58,elevated,0.7.7
2026-10-03T07:34:04.001Z,88,extreme,58,elevated,0.7.7
2026-10-03T07:39:03.811Z,88,extreme,58,elevated,0.7.7
2026-10-03T07:44:04.530Z,88,extreme,58,elevated,0.7.7
2026-10-03T07:49:03.757Z,88,extreme,58,elevated,0.7.7
2026-10-03T07:54:04.185Z,88,extreme,58,elevated,0.7.7
2026-10-03T07:59:03.884Z,88,extreme,58,elevated,0.7.7
2026-10-03T08:04:04.027Z,88,extreme,58,elevated,0.7.7
2026-10-03T08:09:10.409Z,88,extreme,58,elevated,0.7.7
2026-10-03T08:14:04.011Z,88,extreme,58,elevated,0.7.7
2026-10-03T08:19:10.953Z,88,extreme,58,elevated,0.7.7
2026-10-03T08:24:11.232Z,88,extreme,58,elevated,0.7.7
2026-10-03T08:29:04.089Z,88,extreme,58,elevated,0.7.7
2026-10-03T08:34:08.691Z,88,extreme,58,elevated,0.7.7
2026-10-03T08:39:12.057Z,88,extreme,58,elevated,0.7.7
2026-10-03T08:44:09.328Z,88,extreme,58,elevated,0.7.7
2026-10-03T08:49:05.529Z,88,extreme,58,elevated,0.7.7
2026-10-03T08:54:06.479Z,88,extreme,58,elevated,0.7.7
2026-10-03T08:59:06.012Z,88,extreme,58,elevated,0.7.7
2026-10-03T09:04:05.155Z,88,extreme,58,elevated,0.7.7
2026-10-03T09:09:11.995Z,88,extreme,58,elevated,0.7.7
2026-10-03T09:14:04.636Z,88,extreme,58,elevated,0.7.7
2026-10-03T09:19:04.577Z,88,extreme,58,elevated,0.7.7
2026-10-03T09:24:06.734Z,88,extreme,58,elevated,0.7.7
2026-10-03T09:29:03.411Z,88,extreme,58,elevated,0.7.7
2026-10-03T09:34:03.196Z,88,extreme,58,elevated,0.7.7
2026-10-03T09:39:03.927Z,88,extreme,58,elevated,0.7.7
2026-10-03T09:44:03.946Z,88,extreme,58,elevated,0.7.7
2026-10-03T09:49:03.353Z,88,extreme,58,elevated,0.7.7
2026-10-03T09:54:03.896Z,88,extreme,58,elevated,0.7.7
2026-10-03T09:59:03.503Z,88,extreme,58,elevated,0.7.7
2026-10-03T10:04:04.129Z,88,extreme,58,elevated,0.7.7
2026-10-03T10:09:04.217Z,88,extreme,58,elevated,0.7.7
2026-10-03T10:14:03.825Z,88,extreme,58,elevated,0.7.7
2026-10-03T10:19:03.726Z,88,extreme,58,elevated,0.7.7
2026-10-03T10:24:04.244Z,88,extreme,58,elevated,0.7.7
2026-10-03T10:29:03.904Z,88,extreme,58,elevated,0.7.7
2026-10-03T10:34:03.882Z,88,extreme,58,elevated,0.7.7
2026-10-03T10:39:03.925Z,88,extreme,58,elevated,0.7.7
2026-10-03T10:44:03.348Z,88,extreme,58,elevated,0.7.7
2026-10-03T10:49:04.150Z,88,extreme,58,elevated,0.7.7
2026-10-03T10:54:03.282Z,88,extreme,58,elevated,0.7.7
2026-10-03T10:59:04.240Z,88,extreme,58,elevated,0.7.7
2026-10-03T11:04:03.525Z,88,extreme,58,elevated,0.7.7
2026-10-03T11:09:04.008Z,88,extreme,58,elevated,0.7.7
2026-10-03T11:14:04.217Z,88,extreme,58,elevated,0.7.7
2026-10-03T11:19:03.677Z,88,extreme,58,elevated,0.7.7
2026-10-03T11:24:03.961Z,88,extreme,58,elevated,0.7.7
2026-10-03T11:29:03.414Z,88,extreme,58,elevated,0.7.7
2026-10-03T11:34:03.713Z,88,extreme,58,elevated,0.7.7
2026-10-03T11:39:03.980Z,88,extreme,58,elevated,0.7.7
2026-10-03T11:44:03.444Z,88,extreme,58,elevated,0.7.7
2026-10-03T11:49:03.741Z,88,extreme,58,elevated,0.7.7
2026-10-03T11:54:03.964Z,88,extreme,58,elevated,0.7.7
2026-10-03T11:59:04.027Z,88,extreme,58,elevated,0.7.7
2026-10-03T12:04:07.293Z,88,extreme,58,elevated,0.7.7
2026-10-03T12:09:05.906Z,88,extreme,58,elevated,0.7.7
2026-10-03T12:14:05.698Z,88,extreme,58,elevated,0.7.7
2026-10-03T12:19:07.014Z,88,extreme,58,elevated,0.7.7
2026-10-03T12:24:09.551Z,88,extreme,58,elevated,0.7.7
2026-10-03T12:29:03.929Z,88,extreme,58,elevated,0.7.7
2026-10-03T12:34:03.852Z,88,extreme,58,elevated,0.7.7
2026-10-03T12:39:04.854Z,88,extreme,58,elevated,0.7.7
2026-10-03T12:44:04.178Z,88,extreme,58,elevated,0.7.7
2026-10-03T12:49:07.880Z,88,extreme,58,elevated,0.7.7
2026-10-03T12:54:05.315Z,88,extreme,58,elevated,0.7.7
2026-10-03T12:59:03.931Z,88,extreme,58,elevated,0.7.7
2026-10-03T13:04:04.066Z,88,extreme,58,elevated,0.7.7
2026-10-03T13:09:07.573Z,88,extreme,58,elevated,0.7.7
2026-10-03T13:14:05.072Z,88,extreme,58,elevated,0.7.7
2026-10-03T13:19:06.852Z,88,extreme,58,elevated,0.7.7
2026-10-03T13:24:12.034Z,88,extreme,58,elevated,0.7.7
2026-10-03T13:29:10.086Z,88,extreme,58,elevated,0.7.7
2026-10-03T13:34:05.898Z,88,extreme,58,elevated,0.7.7
2026-10-03T13:39:04.766Z,88,extreme,58,elevated,0.7.7
2026-10-03T13:44:09.414Z,88,extreme,58,elevated,0.7.7
2026-10-03T13:49:03.382Z,88,extreme,58,elevated,0.7.7
2026-10-03T13:54:14.066Z,88,extreme,58,elevated,0.7.7
2026-10-03T13:59:05.767Z,88,extreme,58,elevated,0.7.7
2026-10-03T14:04:10.823Z,88,extreme,58,elevated,0.7.7
2026-10-03T14:09:03.619Z,88,extreme,58,elevated,0.7.7
2026-10-03T14:14:04.076Z,88,extreme,58,elevated,0.7.7
2026-10-03T14:19:07.585Z,88,extreme,58,elevated,0.7.7
2026-10-03T14:24:11.595Z,88,extreme,58,elevated,0.7.7
2026-10-03T14:29:03.312Z,88,extreme,58,elevated,0.7.7
2026-10-03T14:34:04.831Z,88,extreme,58,elevated,0.7.7
2026-10-03T14:39:07.195Z,88,extreme,58,elevated,0.7.7
2026-10-03T14:44:03.823Z,88,extreme,58,elevated,0.7.7
2026-10-03T14:49:03.177Z,88,extreme,58,elevated,0.7.7
2026-10-03T14:54:12.259Z,88,extreme,58,elevated,0.7.7
2026-10-03T14:59:07.080Z,88,extreme,58,elevated,0.7.7
2026-10-03T15:04:05.392Z,88,extreme,58,elevated,0.7.7
2026-10-03T15:09:03.327Z,88,extreme,58,elevated,0.7.7
2026-10-03T15:14:03.930Z,88,extreme,58,elevated,0.7.7
2026-10-03T15:19:04.720Z,88,extreme,58,elevated,0.7.7
2026-10-03T15:24:03.823Z,88,extreme,58,elevated,0.7.7
2026-10-03T15:29:04.323Z,88,extreme,58,elevated,0.7.7
2026-10-03T15:34:03.973Z,88,extreme,58,elevated,0.7.7
2026-10-03T15:39:04.157Z,88,extreme,58,elevated,0.7.7
2026-10-03T15:44:04.375Z,88,extreme,58,elevated,0.7.7
2026-10-03T15:49:03.242Z,88,extreme,58,elevated,0.7.7
2026-10-03T15:54:03.326Z,88,extreme,58,elevated,0.7.7
2026-10-03T15:59:03.318Z,88,extreme,58,elevated,0.7.7
2026-10-03T16:04:05.124Z,88,extreme,58,elevated,0.7.7
2026-10-03T16:09:06.586Z,88,extreme,58,elevated,0.7.7
2026-10-03T16:14:05.045Z,88,extreme,58,elevated,0.7.7
2026-10-03T16:19:07.927Z,88,extreme,58,elevated,0.7.7
2026-10-03T16:24:08.174Z,88,extreme,58,elevated,0.7.7
2026-10-03T16:29:11.992Z,88,extreme,58,elevated,0.7.7
2026-10-03T16:34:07.415Z,88,extreme,58,elevated,0.7.7
2026-10-03T16:39:06.014Z,88,extreme,58,elevated,0.7.7
2026-10-03T16:44:10.137Z,88,extreme,58,elevated,0.7.7
2026-10-03T16:49:10.139Z,88,extreme,58,elevated,0.7.7
2026-10-03T16:54:04.395Z,88,extreme,58,elevated,0.7.7
2026-10-03T16:59:05.725Z,88,extreme,58,elevated,0.7.7
2026-10-03T17:04:05.663Z,88,extreme,58,elevated,0.7.7
2026-10-03T17:09:07.068Z,88,extreme,58,elevated,0.7.7
2026-10-03T17:14:11.203Z,88,extreme,58,elevated,0.7.7
2026-10-03T17:19:09.410Z,88,extreme,58,elevated,0.7.7
2026-10-03T17:24:03.424Z,88,extreme,58,elevated,0.7.7
2026-10-03T17:29:04.060Z,88,extreme,58,elevated,0.7.7
2026-10-03T17:34:03.819Z,88,extreme,58,elevated,0.7.7
2026-10-03T17:39:03.516Z,88,extreme,58,elevated,0.7.7
2026-10-03T17:44:03.761Z,88,extreme,58,elevated,0.7.7
2026-10-03T17:49:03.205Z,88,extreme,58,elevated,0.7.7
2026-10-03T17:54:03.363Z,88,extreme,58,elevated,0.7.7
2026-10-03T17:59:03.258Z,88,extreme,58,elevated,0.7.7
2026-10-03T18:04:04.821Z,88,extreme,58,elevated,0.7.7
2026-10-03T18:09:12.441Z,88,extreme,58,elevated,0.7.7
2026-10-03T18:14:03.780Z,88,extreme,58,elevated,0.7.7
2026-10-03T18:19:05.344Z,88,extreme,58,elevated,0.7.7
2026-10-03T18:24:14.595Z,88,extreme,58,elevated,0.7.7
2026-10-03T18:29:04.255Z,88,extreme,58,elevated,0.7.7
2026-10-03T18:34:04.651Z,88,extreme,58,elevated,0.7.7
2026-10-03T18:39:10.509Z,88,extreme,58,elevated,0.7.7
2026-10-03T18:44:12.862Z,88,extreme,58,elevated,0.7.7
2026-10-03T18:49:04.612Z,88,extreme,58,elevated,0.7.7
2026-10-03T18:54:14.429Z,88,extreme,58,elevated,0.7.7
2026-10-03T18:59:03.319Z,88,extreme,58,elevated,0.7.7
2026-10-03T19:04:06.214Z,88,extreme,58,elevated,0.7.7
2026-10-03T19:09:06.064Z,88,extreme,58,elevated,0.7.7
2026-10-03T19:14:03.273Z,88,extreme,58,elevated,0.7.7
2026-10-03T19:19:04.119Z,88,extreme,58,elevated,0.7.7
2026-10-03T19:24:17.027Z,88,extreme,58,elevated,0.7.7
2026-10-03T19:29:04.348Z,88,extreme,58,elevated,0.7.7
2026-10-03T19:34:09.259Z,88,extreme,58,elevated,0.7.7
2026-10-03T19:39:05.290Z,88,extreme,58,elevated,0.7.7
2026-10-03T19:44:06.549Z,88,extreme,58,elevated,0.7.7
2026-10-03T19:49:03.938Z,88,extreme,58,elevated,0.7.7
2026-10-03T19:54:03.560Z,88,extreme,58,elevated,0.7.7
2026-10-03T19:59:03.687Z,88,extreme,58,elevated,0.7.7
2026-10-03T20:04:08.642Z,88,extreme,58,elevated,0.7.7
2026-10-03T20:09:06.201Z,88,extreme,58,elevated,0.7.7
2026-10-03T20:14:07.179Z,88,extreme,58,elevated,0.7.7
2026-10-03T20:19:11.129Z,88,extreme,58,elevated,0.7.7
2026-10-03T20:24:11.756Z,88,extreme,58,elevated,0.7.7
2026-10-03T20:29:05.052Z,88,extreme,58,elevated,0.7.7
2026-10-03T20:34:13.098Z,88,extreme,58,elevated,0.7.7
2026-10-03T20:39:03.715Z,88,extreme,58,elevated,0.7.7
2026-10-03T20:44:06.764Z,88,extreme,58,elevated,0.7.7
2026-10-03T20:49:10.231Z,88,extreme,58,elevated,0.7.7
2026-10-03T20:54:04.723Z,88,extreme,58,elevated,0.7.7
2026-10-03T20:59:05.830Z,88,extreme,58,elevated,0.7.7
2026-10-03T21:04:03.732Z,88,extreme,58,elevated,0.7.7
2026-10-03T21:09:03.355Z,88,extreme,58,elevated,0.7.7
2026-10-03T21:14:04.030Z,88,extreme,58,elevated,0.7.7
2026-10-03T21:19:03.170Z,88,extreme,58,elevated,0.7.7
2026-10-03T21:24:03.334Z,88,extreme,58,elevated,0.7.7
2026-10-03T21:29:03.244Z,88,extreme,58,elevated,0.7.7
2026-10-03T21:34:03.543Z,88,extreme,58,elevated,0.7.7
2026-10-03T21:39:04.353Z,88,extreme,58,elevated,0.7.7
2026-10-03T21:44:03.716Z,88,extreme,58,elevated,0.7.7
2026-10-03T21:49:05.000Z,88,extreme,58,elevated,0.7.7
2026-10-03T21:54:03.862Z,88,extreme,58,elevated,0.7.7
2026-10-03T21:59:03.899Z,88,extreme,58,elevated,0.7.7
2026-10-03T22:04:05.108Z,88,extreme,58,elevated,0.7.7
2026-10-03T22:09:05.692Z,88,extreme,58,elevated,0.7.7
2026-10-03T22:14:04.061Z,88,extreme,58,elevated,0.7.7
2026-10-03T22:19:09.208Z,88,extreme,58,elevated,0.7.7
2026-10-03T22:24:04.915Z,88,extreme,58,elevated,0.7.7
2026-10-03T22:29:09.022Z,88,extreme,58,elevated,0.7.7
2026-10-03T22:34:08.386Z,88,extreme,58,elevated,0.7.7
2026-10-03T22:39:03.963Z,88,extreme,58,elevated,0.7.7
2026-10-03T22:44:03.142Z,88,extreme,58,elevated,0.7.7
2026-10-03T22:49:04.384Z,88,extreme,58,elevated,0.7.7
2026-10-03T22:54:03.391Z,88,extreme,58,elevated,0.7.7
2026-10-03T22:59:03.978Z,88,extreme,58,elevated,0.7.7
2026-10-03T23:04:03.315Z,88,extreme,58,elevated,0.7.7
2026-10-03T23:09:07.282Z,88,extreme,58,elevated,0.7.7
2026-10-03T23:14:05.378Z,88,extreme,58,elevated,0.7.7
2026-10-03T23:19:08.025Z,88,extreme,58,elevated,0.7.7
2026-10-03T23:24:04.636Z,88,extreme,58,elevated,0.7.7
2026-10-03T23:29:06.997Z,88,extreme,58,elevated,0.7.7
2026-10-03T23:34:09.177Z,88,extreme,58,elevated,0.7.7
2026-10-03T23:39:05.546Z,88,extreme,58,elevated,0.7.7
2026-10-03T23:44:12.049Z,88,extreme,58,elevated,0.7.7
2026-10-03T23:49:06.268Z,88,extreme,58,elevated,0.7.7
2026-10-03T23:54:08.001Z,88,extreme,58,elevated,0.7.7
2026-10-03T23:59:04.217Z,88,extreme,58,elevated,0.7.7
2026-10-04T00:04:03.213Z,88,extreme,58,elevated,0.7.7
2026-10-04T00:09:03.913Z,88,extreme,58,elevated,0.7.7
2026-10-04T00:14:03.194Z,88,extreme,58,elevated,0.7.7
2026-10-04T00:19:03.904Z,88,extreme,58,elevated,0.7.7
2026-10-04T00:24:03.406Z,88,extreme,58,elevated,0.7.7
2026-10-04T00:29:03.757Z,88,extreme,58,elevated,0.7.7
2026-10-04T00:34:03.786Z,88,extreme,58,elevated,0.7.7
2026-10-04T00:39:03.510Z,88,extreme,58,elevated,0.7.7
2026-10-04T00:44:03.867Z,88,extreme,58,elevated,0.7.7
2026-10-04T00:49:03.234Z,88,extreme,58,elevated,0.7.7
2026-10-04T00:54:03.832Z,88,extreme,58,elevated,0.7.7
2026-10-04T00:59:03.745Z,88,extreme,58,elevated,0.7.7
2026-10-04T01:04:05.413Z,88,extreme,58,elevated,0.7.7
2026-10-04T01:09:06.143Z,88,extreme,58,elevated,0.7.7
2026-10-04T01:14:04.585Z,88,extreme,58,elevated,0.7.7
2026-10-04T01:19:09.375Z,88,extreme,58,elevated,0.7.7
2026-10-04T01:24:08.733Z,88,extreme,58,elevated,0.7.7
2026-10-04T01:29:05.671Z,88,extreme,58,elevated,0.7.7
2026-10-04T01:34:11.499Z,88,extreme,58,elevated,0.7.7
2026-10-04T01:39:12.339Z,88,extreme,58,elevated,0.7.7
2026-10-04T01:44:05.762Z,88,extreme,58,elevated,0.7.7
2026-10-04T01:49:09.296Z,88,extreme,58,elevated,0.7.7
2026-10-04T01:54:07.595Z,88,extreme,58,elevated,0.7.7
2026-10-04T01:59:03.404Z,88,extreme,58,elevated,0.7.7
2026-10-04T02:04:05.085Z,88,extreme,58,elevated,0.7.7
2026-10-04T02:09:05.168Z,88,extreme,58,elevated,0.7.7
2026-10-04T02:14:07.909Z,88,extreme,58,elevated,0.7.7
2026-10-04T02:19:12.400Z,88,extreme,58,elevated,0.7.7
2026-10-04T02:24:07.686Z,88,extreme,58,elevated,0.7.7
2026-10-04T02:29:03.926Z,88,extreme,58,elevated,0.7.7
2026-10-04T02:34:06.460Z,88,extreme,58,elevated,0.7.7
2026-10-04T02:39:08.734Z,88,extreme,58,elevated,0.7.7
2026-10-04T02:44:08.225Z,88,extreme,58,elevated,0.7.7
2026-10-04T02:49:06.870Z,88,extreme,58,elevated,0.7.7
2026-10-04T02:54:13.180Z,88,extreme,58,elevated,0.7.7
2026-10-04T02:59:03.676Z,88,extreme,58,elevated,0.7.7
2026-10-04T03:04:05.000Z,88,extreme,58,elevated,0.7.7
2026-10-04T03:09:03.899Z,88,extreme,58,elevated,0.7.7
2026-10-04T03:14:03.978Z,88,extreme,58,elevated,0.7.7
2026-10-04T03:19:03.345Z,88,extreme,58,elevated,0.7.7
2026-10-04T03:24:03.330Z,88,extreme,58,elevated,0.7.7
2026-10-04T03:29:03.378Z,88,extreme,58,elevated,0.7.7
2026-10-04T03:34:03.887Z,88,extreme,58,elevated,0.7.7
2026-10-04T03:39:03.392Z,88,extreme,58,elevated,0.7.7
2026-10-04T03:44:03.411Z,88,extreme,58,elevated,0.7.7
2026-10-04T03:49:03.391Z,88,extreme,58,elevated,0.7.7
2026-10-04T03:54:03.208Z,88,extreme,58,elevated,0.7.7
2026-10-04T03:59:03.280Z,88,extreme,58,elevated,0.7.7
2026-10-04T04:04:03.243Z,88,extreme,58,elevated,0.7.7
2026-10-04T04:09:04.888Z,88,extreme,58,elevated,0.7.7
2026-10-04T04:14:05.153Z,88,extreme,58,elevated,0.7.7
2026-10-04T04:19:08.508Z,88,extreme,58,elevated,0.7.7
2026-10-04T04:24:14.075Z,88,extreme,58,elevated,0.7.7
2026-10-04T04:29:03.548Z,88,extreme,58,elevated,0.7.7
2026-10-04T04:34:03.275Z,88,extreme,58,elevated,0.7.7
2026-10-04T04:39:06.414Z,88,extreme,58,elevated,0.7.7
2026-10-04T04:44:03.279Z,88,extreme,58,elevated,0.7.7
2026-10-04T04:49:05.154Z,88,extreme,58,elevated,0.7.7
2026-10-04T04:54:03.584Z,88,extreme,58,elevated,0.7.7
2026-10-04T04:59:03.851Z,88,extreme,58,elevated,0.7.7
2026-10-04T05:04:05.436Z,88,extreme,58,elevated,0.7.7
2026-10-04T05:09:08.320Z,88,extreme,58,elevated,0.7.7
2026-10-04T05:14:06.657Z,88,extreme,58,elevated,0.7.7
2026-10-04T05:19:12.296Z,88,extreme,58,elevated,0.7.7
2026-10-04T05:24:05.120Z,88,extreme,58,elevated,0.7.7
2026-10-04T05:29:03.309Z,88,extreme,58,elevated,0.7.7
2026-10-04T05:34:05.494Z,88,extreme,58,elevated,0.7.7
2026-10-04T05:39:09.799Z,88,extreme,58,elevated,0.7.7
2026-10-04T05:44:03.502Z,88,extreme,58,elevated,0.7.7
2026-10-04T05:49:09.372Z,88,extreme,58,elevated,0.7.7
2026-10-04T05:54:04.447Z,88,extreme,58,elevated,0.7.7
2026-10-04T05:59:03.784Z,88,extreme,58,elevated,0.7.7
2026-10-04T06:04:04.800Z,88,extreme,58,elevated,0.7.7
2026-10-04T06:09:03.335Z,88,extreme,58,elevated,0.7.7
2026-10-04T06:14:03.881Z,88,extreme,58,elevated,0.7.7
2026-10-04T06:19:03.295Z,88,extreme,58,elevated,0.7.7
2026-10-04T06:24:03.291Z,88,extreme,58,elevated,0.7.7
2026-10-04T06:29:03.784Z,88,extreme,58,elevated,0.7.7
2026-10-04T06:34:03.837Z,88,extreme,58,elevated,0.7.7
2026-10-04T06:39:04.185Z,88,extreme,58,elevated,0.7.7
2026-10-04T06:44:04.267Z,88,extreme,58,elevated,0.7.7
2026-10-04T06:49:03.791Z,88,extreme,58,elevated,0.7.7
2026-10-04T06:54:03.404Z,88,extreme,58,elevated,0.7.7
2026-10-04T06:59:03.793Z,88,extreme,58,elevated,0.7.7
2026-10-04T07:04:04.303Z,88,extreme,58,elevated,0.7.7
2026-10-04T07:09:07.833Z,88,extreme,58,elevated,0.7.7
2026-10-04T07:14:12.745Z,88,extreme,58,elevated,0.7.7
2026-10-04T07:19:05.800Z,88,extreme,58,elevated,0.7.7
2026-10-04T07:24:14.130Z,88,extreme,58,elevated,0.7.7
2026-10-04T07:29:03.504Z,88,extreme,58,elevated,0.7.7
2026-10-04T07:34:10.381Z,88,extreme,58,elevated,0.7.7
2026-10-04T07:39:04.922Z,88,extreme,58,elevated,0.7.7
2026-10-04T07:44:06.661Z,88,extreme,58,elevated,0.7.7
2026-10-04T07:49:06.710Z,88,extreme,58,elevated,0.7.7
2026-10-04T07:54:06.642Z,88,extreme,58,elevated,0.7.7
2026-10-04T07:59:03.368Z,88,extreme,58,elevated,0.7.7
2026-10-04T08:04:09.160Z,88,extreme,58,elevated,0.7.7
2026-10-04T08:09:03.785Z,88,extreme,58,elevated,0.7.7
2026-10-04T08:14:05.999Z,88,extreme,58,elevated,0.7.7
2026-10-04T08:19:06.468Z,88,extreme,58,elevated,0.7.7
2026-10-04T08:24:03.680Z,88,extreme,58,elevated,0.7.7
2026-10-04T08:29:04.600Z,88,extreme,58,elevated,0.7.7
2026-10-04T08:34:04.646Z,88,extreme,58,elevated,0.7.7
2026-10-04T08:39:04.556Z,88,extreme,58,elevated,0.7.7
2026-10-04T08:44:04.794Z,88,extreme,58,elevated,0.7.7
2026-10-04T08:49:05.861Z,88,extreme,58,elevated,0.7.7
2026-10-04T08:54:06.114Z,88,extreme,58,elevated,0.7.7
2026-10-04T08:59:08.727Z,88,extreme,58,elevated,0.7.7
2026-10-04T09:04:05.551Z,88,extreme,58,elevated,0.7.7
2026-10-04T09:09:03.249Z,88,extreme,58,elevated,0.7.7
2026-10-04T09:14:03.155Z,88,extreme,58,elevated,0.7.7
2026-10-04T09:19:03.191Z,88,extreme,58,elevated,0.7.7
2026-10-04T09:24:05.320Z,88,extreme,58,elevated,0.7.7
2026-10-04T09:29:03.680Z,88,extreme,58,elevated,0.7.7
2026-10-04T09:34:03.258Z,88,extreme,58,elevated,0.7.7
2026-10-04T09:39:03.989Z,88,extreme,58,elevated,0.7.7
2026-10-04T09:44:03.735Z,88,extreme,58,elevated,0.7.7
2026-10-04T09:49:03.760Z,88,extreme,58,elevated,0.7.7
2026-10-04T09:54:03.275Z,88,extreme,58,elevated,0.7.7
2026-10-04T09:59:03.193Z,88,extreme,58,elevated,0.7.7
2026-10-04T10:04:05.522Z,88,extreme,58,elevated,0.7.7
2026-10-04T10:09:05.416Z,88,extreme,58,elevated,0.7.7
2026-10-04T10:14:07.255Z,88,extreme,58,elevated,0.7.7
2026-10-04T10:19:05.231Z,88,extreme,58,elevated,0.7.7
2026-10-04T10:24:04.571Z,88,extreme,58,elevated,0.7.7
2026-10-04T10:29:03.889Z,88,extreme,58,elevated,0.7.7
2026-10-04T10:34:06.481Z,88,extreme,58,elevated,0.7.7
2026-10-04T10:39:03.409Z,88,extreme,58,elevated,0.7.7
2026-10-04T10:44:07.691Z,88,extreme,58,elevated,0.7.7
2026-10-04T10:49:04.415Z,88,extreme,58,elevated,0.7.7
2026-10-04T10:54:06.502Z,88,extreme,58,elevated,0.7.7
2026-10-04T10:59:04.200Z,88,extreme,58,elevated,0.7.7
2026-10-04T11:04:04.478Z,88,extreme,58,elevated,0.7.7
2026-10-04T11:09:06.598Z,88,extreme,58,elevated,0.7.7
2026-10-04T11:14:09.642Z,88,extreme,58,elevated,0.7.7
2026-10-04T11:19:10.701Z,88,extreme,58,elevated,0.7.7
2026-10-04T11:24:04.847Z,88,extreme,58,elevated,0.7.7
2026-10-04T11:29:03.790Z,88,extreme,58,elevated,0.7.7
2026-10-04T11:34:05.823Z,88,extreme,58,elevated,0.7.7
2026-10-04T11:39:08.094Z,88,extreme,58,elevated,0.7.7
2026-10-04T11:44:06.152Z,88,extreme,58,elevated,0.7.7
2026-10-04T11:49:08.761Z,88,extreme,58,elevated,0.7.7
2026-10-04T11:54:07.047Z,88,extreme,58,elevated,0.7.7
2026-10-04T11:59:03.401Z,88,extreme,58,elevated,0.7.7
2026-10-04T12:04:03.302Z,88,extreme,58,elevated,0.7.7
2026-10-04T12:09:04.355Z,88,extreme,58,elevated,0.7.7
2026-10-04T12:14:03.542Z,88,extreme,58,elevated,0.7.7
2026-10-04T12:19:03.904Z,88,extreme,58,elevated,0.7.7
2026-10-04T12:24:04.328Z,88,extreme,58,elevated,0.7.7
2026-10-04T12:29:03.277Z,88,extreme,58,elevated,0.7.7
2026-10-04T12:34:03.761Z,88,extreme,58,elevated,0.7.7
2026-10-04T12:39:03.304Z,88,extreme,58,elevated,0.7.7
2026-10-04T12:44:03.909Z,88,extreme,58,elevated,0.7.7
2026-10-04T12:49:04.784Z,88,extreme,58,elevated,0.7.7
2026-10-04T12:54:03.838Z,88,extreme,58,elevated,0.7.7
2026-10-04T12:59:03.550Z,88,extreme,58,elevated,0.7.7
2026-10-04T13:04:04.233Z,88,extreme,58,elevated,0.7.7
2026-10-04T13:09:03.998Z,88,extreme,58,elevated,0.7.7
2026-10-04T13:14:03.681Z,88,extreme,58,elevated,0.7.7
2026-10-04T13:19:03.562Z,88,extreme,58,elevated,0.7.7
2026-10-04T13:24:04.355Z,88,extreme,58,elevated,0.7.7
2026-10-04T13:29:03.418Z,88,extreme,58,elevated,0.7.7
2026-10-04T13:34:03.395Z,88,extreme,58,elevated,0.7.7
2026-10-04T13:39:03.303Z,88,extreme,58,elevated,0.7.7
2026-10-04T13:44:03.800Z,88,extreme,58,elevated,0.7.7
2026-10-04T13:49:03.272Z,88,extreme,58,elevated,0.7.7
2026-10-04T13:54:03.200Z,88,extreme,58,elevated,0.7.7
2026-10-04T13:59:03.803Z,88,extreme,58,elevated,0.7.7
2026-10-04T14:04:05.668Z,88,extreme,58,elevated,0.7.7
2026-10-04T14:09:08.557Z,88,extreme,58,elevated,0.7.7
2026-10-04T14:14:05.846Z,88,extreme,58,elevated,0.7.7
2026-10-04T14:19:03.200Z,88,extreme,58,elevated,0.7.7
2026-10-04T14:24:11.826Z,88,extreme,58,elevated,0.7.7
2026-10-04T14:29:03.239Z,88,extreme,58,elevated,0.7.7
2026-10-04T14:34:03.902Z,88,extreme,58,elevated,0.7.7
2026-10-04T14:39:04.145Z,88,extreme,58,elevated,0.7.7
2026-10-04T14:44:03.726Z,88,extreme,58,elevated,0.7.7
2026-10-04T14:49:03.838Z,88,extreme,58,elevated,0.7.7
2026-10-04T14:54:04.602Z,88,extreme,58,elevated,0.7.7
2026-10-04T14:59:04.444Z,88,extreme,58,elevated,0.7.7
2026-10-04T15:04:03.751Z,88,extreme,58,elevated,0.7.7
2026-10-04T15:09:13.420Z,88,extreme,58,elevated,0.7.7
2026-10-04T15:14:04.994Z,88,extreme,58,elevated,0.7.7
2026-10-04T15:19:06.436Z,88,extreme,58,elevated,0.7.7
2026-10-04T15:24:06.778Z,88,extreme,58,elevated,0.7.7
2026-10-04T15:29:03.441Z,88,extreme,58,elevated,0.7.7
2026-10-04T15:34:03.230Z,88,extreme,58,elevated,0.7.7
2026-10-04T15:39:04.009Z,88,extreme,58,elevated,0.7.7
2026-10-04T15:44:03.658Z,88,extreme,58,elevated,0.7.7
2026-10-04T15:49:03.229Z,88,extreme,58,elevated,0.7.7
2026-10-04T15:54:03.169Z,88,extreme,58,elevated,0.7.7
